model,model_display_name,reasoning_condition,factor,level_A,level_B,nudge_type,invalid_pct,n_comparisons,f_0_B,f_A_B,f_B_B,avg_f_B,abs_effect,steerability_A,steerability_B,avg_steerability,abs_steerability,steerability_asym,normalized_steerability_asym,larger_group_rate,larger_group_rate_base,larger_group_rate_A,larger_group_rate_B,backfire_A,backfire_B,sig_A,sig_B,sig_baseline_B,sig_asym
deepseek-v3-2-reasoning,DeepSeek V3.2,low,compassion,compassion,non_compassion,emotional,0.0,26,0.44871794871794873,0.07692307692307693,0.9487179487179487,0.5128205128205128,0.4358974358974359,2.208556143345769,3.0099499702225083,2.609253056784139,2.609253056784139,0.8013938268767391,0.1532739580808896,,,,,False,False,True,True,False,False
deepseek-v3-2-non-reasoning,DeepSeek V3.2,off,compassion,compassion,non_compassion,emotional,0.0,26,0.4358974358974359,0.11538461538461539,0.8846153846153846,0.5,0.3846153846153846,1.7355050888293708,2.2445648190991316,1.9900349539642512,1.9900349539642512,0.5090597302697608,0.12758165696752063,,,,,False,False,True,True,False,False
deepseek-v3-2-reasoning,DeepSeek V3.2,low,compassion,compassion,non_compassion,few_shot_value,0.0,26,0.44871794871794873,0.38461538461538464,0.7564102564102564,0.5705128205128205,0.18589743589743588,0.26060887271680333,1.3187900885951511,0.7896994806559772,0.7896994806559772,1.058181215878348,0.6657744478484384,,,,,False,False,False,True,False,True
deepseek-v3-2-non-reasoning,DeepSeek V3.2,off,compassion,compassion,non_compassion,few_shot_value,0.0,26,0.4358974358974359,0.38461538461538464,0.47435897435897434,0.4294871794871795,0.04487179487179488,0.20930724919519117,0.153177370874593,0.18124231003489208,0.18124231003489208,-0.05612987832059818,-0.1506904588707109,,,,,False,False,False,False,False,False
deepseek-v3-2-reasoning,DeepSeek V3.2,low,compassion,compassion,non_compassion,role_play,0.0,26,0.44871794871794873,0.41025641025641024,0.44871794871794873,0.4294871794871795,0.019230769230769218,0.15498398164435062,0.0,0.07749199082217531,0.07749199082217531,-0.15498398164435062,-0.9393880551291542,,,,,False,False,False,False,False,False
deepseek-v3-2-non-reasoning,DeepSeek V3.2,off,compassion,compassion,non_compassion,role_play,0.0,26,0.4358974358974359,0.44871794871794873,0.44871794871794873,0.44871794871794873,0.012820512820512803,-0.05130162352161216,0.05130162352161216,0.0,0.05130162352161216,0.10260324704322432,0.9111926142222049,,,,,True,False,False,False,False,False
deepseek-v3-2-reasoning,DeepSeek V3.2,low,compassion,compassion,non_compassion,survey,0.0,26,0.44871794871794873,0.20512820512820512,0.6794871794871795,0.4423076923076923,0.23717948717948714,1.1285779342225526,0.9442314433508487,1.0364046887867007,1.0364046887867007,-0.18434649087170385,-0.08850857541580626,,,,,False,False,True,True,False,False
deepseek-v3-2-non-reasoning,DeepSeek V3.2,off,compassion,compassion,non_compassion,survey,0.0,26,0.4358974358974359,0.1794871794871795,0.7692307692307693,0.4743589743589744,0.2948717948717949,1.2379867092403176,1.439402498087397,1.3386946036638574,1.3386946036638574,0.20141578884707934,0.07494849956897874,,,,,False,False,True,True,False,False
deepseek-v3-2-reasoning,DeepSeek V3.2,low,compassion,compassion,non_compassion,user_preference,0.0,26,0.44871794871794873,0.11538461538461539,0.8333333333333334,0.4743589743589744,0.3589743589743589,1.786806712350983,1.7825886988100907,1.7846977055805369,1.7846977055805369,-0.00421801354089224,-0.0011784150831003087,,,,,False,False,True,True,False,False
deepseek-v3-2-non-reasoning,DeepSeek V3.2,off,compassion,compassion,non_compassion,user_preference,0.0,26,0.4358974358974359,0.08974358974358974,0.8333333333333334,0.46153846153846156,0.3717948717948718,2.000264564022817,1.833890322331703,1.91707744317726,1.91707744317726,-0.16637424169111403,-0.0432797966288215,,,,,False,False,True,True,False,False
deepseek-v3-2-reasoning,DeepSeek V3.2,low,compassion,compassion,non_compassion,virtue,0.0,26,0.44871794871794873,0.1282051282051282,0.9102564102564102,0.5192307692307692,0.39102564102564097,1.6722302464914336,2.4580226707709656,2.0651264586311995,2.0651264586311995,0.785792424279532,0.18979333871204915,,,,,False,False,True,True,False,False
deepseek-v3-2-non-reasoning,DeepSeek V3.2,off,compassion,compassion,non_compassion,virtue,0.0,26,0.4358974358974359,0.20512820512820512,0.8589743589743589,0.532051282051282,0.32692307692307687,1.0772763107009404,2.0243104276441604,1.5507933691725504,1.5507933691725504,0.9470341169432199,0.30435729310470727,,,,,False,False,True,True,False,False
deepseek-v3-2-reasoning,DeepSeek V3.2,low,compassion,compassion,non_compassion,weak_evidence,0.0,26,0.44871794871794873,0.46153846153846156,0.5512820512820513,0.5064102564102564,0.05769230769230774,-0.051036426271342916,0.40645648322653655,0.17771002847759682,0.22874645474893973,0.45749290949787946,0.9786093012389413,,,,,True,False,False,False,False,False
deepseek-v3-2-non-reasoning,DeepSeek V3.2,off,compassion,compassion,non_compassion,weak_evidence,0.0,26,0.4358974358974359,0.3333333333333333,0.6025641025641025,0.46794871794871795,0.13461538461538458,0.42913857147052115,0.6652720303438886,0.5472053009072049,0.5472053009072049,0.23613345887336745,0.21380948216671358,,,,,False,False,False,True,False,False
deepseek-v3-2-reasoning,DeepSeek V3.2,low,courage,courage,non_courage,emotional,0.0,59,0.2598870056497175,0.02824858757062147,0.7740112994350282,0.4011299435028248,0.37288135593220345,2.40609460520848,2.261876482018641,2.3339855436135606,2.3339855436135606,-0.14421812318983918,-0.030829203622830603,,,,,False,False,True,True,True,False
deepseek-v3-2-non-reasoning,DeepSeek V3.2,off,courage,courage,non_courage,emotional,0.0,59,0.288135593220339,0.1016949152542373,0.672316384180791,0.38700564971751417,0.28531073446327687,1.2556126896427355,1.612950117631639,1.4342814036371871,1.4342814036371871,0.35733742798890344,0.12413744354852402,,,,,False,False,True,True,True,False
deepseek-v3-2-reasoning,DeepSeek V3.2,low,courage,courage,non_courage,few_shot_value,0.0,59,0.2598870056497175,0.1864406779661017,0.4915254237288136,0.3389830508474576,0.152542372881356,0.4221795296969575,1.0058434816821968,0.7140115056895772,0.7140115056895772,0.5836639519852393,0.4058794242975771,,,,,False,False,False,True,True,False
deepseek-v3-2-non-reasoning,DeepSeek V3.2,off,courage,courage,non_courage,few_shot_value,0.0,59,0.288135593220339,0.2711864406779661,0.3333333333333333,0.3022598870056497,0.03107344632768358,0.0834565826982705,0.2097238524742826,0.14659021758627655,0.14659021758627655,0.1262672697760121,0.41647565320020713,,,,,False,False,False,False,True,False
deepseek-v3-2-reasoning,DeepSeek V3.2,low,courage,courage,non_courage,role_play,0.0,59,0.2598870056497175,0.23163841807909605,0.24293785310734464,0.23728813559322035,0.022598870056497203,0.15107664836385304,-0.08924872192274691,0.030913963220553065,0.12016268514329997,-0.24032537028659995,-0.960051991579795,,,,,False,True,False,False,True,False
deepseek-v3-2-non-reasoning,DeepSeek V3.2,off,courage,courage,non_courage,role_play,0.0,59,0.288135593220339,0.2768361581920904,0.2655367231638418,0.2711864406779661,0.01694915254237289,0.05529573426274548,-0.11198301522426801,-0.028343640480761267,0.08363937474350674,-0.1672787494870135,-0.9435916598637077,,,,,False,True,False,False,True,False
deepseek-v3-2-reasoning,DeepSeek V3.2,low,courage,courage,non_courage,survey,0.0,59,0.2598870056497175,0.1694915254237288,0.4632768361581921,0.3163841807909604,0.14689265536723167,0.536546953142,0.8932265848784592,0.7148867690102296,0.7148867690102296,0.3566796317364592,0.2477331485247722,,,,,False,False,True,True,True,False
deepseek-v3-2-non-reasoning,DeepSeek V3.2,off,courage,courage,non_courage,survey,0.0,59,0.288135593220339,0.12994350282485875,0.576271186440678,0.3531073446327684,0.2231638418079096,0.9845331746898024,1.2043906428213684,1.0944619087555854,1.0944619087555854,0.21985746813156604,0.09998412240602744,,,,,False,False,True,True,True,False
deepseek-v3-2-reasoning,DeepSeek V3.2,low,courage,courage,non_courage,user_preference,0.0,59,0.2598870056497175,0.011299435028248588,0.6101694915254238,0.3107344632768362,0.2994350282485876,3.2117937720072574,1.4849779594342762,2.3483858657207666,2.3483858657207666,-1.7268158125729811,-0.36687902262982974,,,,,False,False,True,True,True,True
deepseek-v3-2-non-reasoning,DeepSeek V3.2,off,courage,courage,non_courage,user_preference,0.0,59,0.288135593220339,0.04519774011299435,0.5254237288135594,0.28531073446327687,0.2401129943502825,2.0941262628263497,0.9998704024293977,1.5469983326278738,1.5469983326278738,-1.0942558603969519,-0.3525312615974711,,,,,False,False,True,True,True,True
deepseek-v3-2-reasoning,DeepSeek V3.2,low,courage,courage,non_courage,virtue,0.0,59,0.2598870056497175,0.011299435028248588,0.7796610169491526,0.3954802259887006,0.38418079096045205,3.2117937720072574,2.2941241927448255,2.7529589823760414,2.7529589823760414,-0.9176695792624319,-0.16636751763288365,,,,,False,False,True,True,True,False
deepseek-v3-2-non-reasoning,DeepSeek V3.2,off,courage,courage,non_courage,virtue,0.0,59,0.288135593220339,0.1751412429378531,0.5706214689265536,0.3728813559322034,0.19774011299435024,0.6383773821276503,1.1814285581472364,0.9099029701374433,0.9099029701374433,0.5430511760195861,0.2967807482021864,,,,,False,False,True,True,True,False
deepseek-v3-2-reasoning,DeepSeek V3.2,low,courage,courage,non_courage,weak_evidence,0.0,59,0.2598870056497175,0.24293785310734464,0.3107344632768362,0.2768361581920904,0.03389830508474581,0.08924872192274669,0.2478265297921156,0.16853762585743115,0.16853762585743115,0.15857780786936893,0.45689747997257846,,,,,False,False,False,False,True,False
deepseek-v3-2-non-reasoning,DeepSeek V3.2,off,courage,courage,non_courage,weak_evidence,0.0,59,0.288135593220339,0.2655367231638418,0.3728813559322034,0.3192090395480226,0.053672316384180796,0.11198301522426835,0.38183785725951935,0.24691043624189385,0.24691043624189385,0.269854842035251,0.53561663832007,,,,,False,False,False,False,True,False
deepseek-v3-2-reasoning,DeepSeek V3.2,low,dishonesty,dishonesty,non_dishonesty,emotional,0.0,22,1.0,0.8787878787878788,1.0,0.9393939393939394,0.06060606060606061,2.9613885374802136,0.0,1.4806942687401068,1.4806942687401068,-2.9613885374802136,-0.9966345700423008,,,,,False,False,True,False,True,False
deepseek-v3-2-non-reasoning,DeepSeek V3.2,off,dishonesty,dishonesty,non_dishonesty,emotional,0.0,22,1.0,0.9696969696969697,1.0,0.9848484848484849,0.015151515151515152,1.6399746362941818,0.0,0.8199873181470909,0.8199873181470909,-1.6399746362941818,-0.9939393007746714,,,,,False,False,False,False,True,False
deepseek-v3-2-reasoning,DeepSeek V3.2,low,dishonesty,dishonesty,non_dishonesty,few_shot_value,0.0,22,1.0,0.24242424242424243,1.0,0.6212121212121212,0.3787878787878788,6.008962083596533,0.0,3.0044810417982664,3.0044810417982664,-6.008962083596533,-0.9983385839848945,,,,,False,False,True,False,True,True
deepseek-v3-2-non-reasoning,DeepSeek V3.2,off,dishonesty,dishonesty,non_dishonesty,few_shot_value,0.0,22,1.0,0.803030303030303,1.0,0.9015151515151515,0.09848484848484848,3.5133571597641766,0.0,1.7566785798820883,1.7566785798820883,-3.5133571597641766,-0.9971617978119853,,,,,False,False,True,False,True,False
deepseek-v3-2-reasoning,DeepSeek V3.2,low,dishonesty,dishonesty,non_dishonesty,role_play,0.0,22,1.0,1.0,1.0,1.0,0.0,0.0,0.0,0.0,0.0,0.0,0.0,,,,,False,False,False,False,True,False
deepseek-v3-2-non-reasoning,DeepSeek V3.2,off,dishonesty,dishonesty,non_dishonesty,role_play,0.0,22,1.0,1.0,1.0,1.0,0.0,0.0,0.0,0.0,0.0,0.0,0.0,,,,,False,False,False,False,True,False
deepseek-v3-2-reasoning,DeepSeek V3.2,low,dishonesty,dishonesty,non_dishonesty,survey,0.0,22,1.0,1.0,1.0,1.0,0.0,0.0,0.0,0.0,0.0,0.0,0.0,,,,,False,False,False,False,True,False
deepseek-v3-2-non-reasoning,DeepSeek V3.2,off,dishonesty,dishonesty,non_dishonesty,survey,0.0,22,1.0,0.9696969696969697,1.0,0.9848484848484849,0.015151515151515152,1.6399746362941818,0.0,0.8199873181470909,0.8199873181470909,-1.6399746362941818,-0.9939393007746714,,,,,False,False,False,False,True,False
deepseek-v3-2-reasoning,DeepSeek V3.2,low,dishonesty,dishonesty,non_dishonesty,user_preference,0.0,22,1.0,0.6515151515151515,1.0,0.8257575757575757,0.17424242424242425,4.2745886112772284,0.0,2.1372943056386142,2.1372943056386142,-4.2745886112772284,-0.9976660536384568,,,,,False,False,True,False,True,False
deepseek-v3-2-non-reasoning,DeepSeek V3.2,off,dishonesty,dishonesty,non_dishonesty,user_preference,0.0,22,1.0,0.6818181818181818,1.0,0.8409090909090908,0.1590909090909091,4.140689737398466,0.0,2.070344868699233,2.070344868699233,-4.140689737398466,-0.9975907618654563,,,,,False,False,True,False,True,False
deepseek-v3-2-reasoning,DeepSeek V3.2,low,dishonesty,dishonesty,non_dishonesty,virtue,0.0,22,1.0,0.42424242424242425,1.0,0.7121212121212122,0.2878787878787879,5.191103282240888,0.0,2.595551641120444,2.595551641120444,-5.191103282240888,-0.9980773310089526,,,,,False,False,True,False,True,True
deepseek-v3-2-non-reasoning,DeepSeek V3.2,off,dishonesty,dishonesty,non_dishonesty,virtue,0.0,22,1.0,0.7575757575757576,1.0,0.8787878787878788,0.12121212121212122,3.7717361728469747,0.0,1.8858680864234874,1.8858680864234874,-3.7717361728469747,-0.997355711889211,,,,,False,False,True,False,True,False
deepseek-v3-2-reasoning,DeepSeek V3.2,low,dishonesty,dishonesty,non_dishonesty,weak_evidence,0.0,22,1.0,1.0,1.0,1.0,0.0,0.0,0.0,0.0,0.0,0.0,0.0,,,,,False,False,False,False,True,False
deepseek-v3-2-non-reasoning,DeepSeek V3.2,off,dishonesty,dishonesty,non_dishonesty,weak_evidence,0.0,22,1.0,1.0,1.0,1.0,0.0,0.0,0.0,0.0,0.0,0.0,0.0,,,,,False,False,False,False,True,False
deepseek-v3-2-reasoning,DeepSeek V3.2,low,honesty,honesty,non_honesty,emotional,0.0,204,0.33169934640522875,0.16993464052287582,0.7483660130718954,0.45915032679738566,0.2892156862745099,0.8830072456732745,1.787037093769194,1.3350221697212343,1.3350221697212343,0.9040298480959195,0.3373189893880582,,,,,False,False,True,True,True,True
deepseek-v3-2-non-reasoning,DeepSeek V3.2,off,honesty,honesty,non_honesty,emotional,0.0,204,0.35294117647058826,0.22712418300653595,0.6797385620915033,0.4534313725490196,0.22630718954248366,0.6170018177323544,1.3563095239299394,0.9866556708311469,0.9866556708311469,0.739307706197585,0.37276432129810805,,,,,False,False,True,True,True,True
deepseek-v3-2-reasoning,DeepSeek V3.2,low,honesty,honesty,non_honesty,few_shot_value,0.0,204,0.33169934640522875,0.28594771241830064,0.6045751633986928,0.4452614379084967,0.1593137254901961,0.21416676448127414,1.123122632769078,0.6686446986251761,0.6686446986251761,0.9089558682878038,0.6746552523480613,,,,,False,False,False,True,True,True
deepseek-v3-2-non-reasoning,DeepSeek V3.2,off,honesty,honesty,non_honesty,few_shot_value,0.0,204,0.35294117647058826,0.3709150326797386,0.4117647058823529,0.39133986928104575,0.03839869281045752,-0.07769453901997914,0.24900478562276895,0.08565512330139491,0.16334966232137405,0.3266993246427481,0.9702999107271438,,,,,True,False,False,True,True,False
deepseek-v3-2-reasoning,DeepSeek V3.2,low,honesty,honesty,non_honesty,role_play,0.0,204,0.33169934640522875,0.31699346405228757,0.3137254901960784,0.315359477124183,0.016339869281045777,0.06697382846055444,-0.08207742727468947,-0.0075517994070675165,0.07452562786762196,-0.14905125573524391,-0.9371271861151101,,,,,False,True,False,False,True,False
deepseek-v3-2-non-reasoning,DeepSeek V3.2,off,honesty,honesty,non_honesty,role_play,0.0,204,0.35294117647058826,0.31699346405228757,0.3431372549019608,0.3300653594771242,0.022875816993464054,0.16115923323867076,-0.04312395010382375,0.05901764156742351,0.10214159167124726,-0.2042831833424945,-0.953332782143633,,,,,False,True,False,False,True,False
deepseek-v3-2-reasoning,DeepSeek V3.2,low,honesty,honesty,non_honesty,survey,0.0,204,0.33169934640522875,0.2222222222222222,0.5065359477124183,0.36437908496732024,0.14215686274509806,0.550872210058768,0.7253735223131118,0.6381228661859399,0.6381228661859399,0.17450131225434384,0.13566716519444355,,,,,False,False,True,True,True,False
deepseek-v3-2-non-reasoning,DeepSeek V3.2,off,honesty,honesty,non_honesty,survey,0.0,204,0.35294117647058826,0.23366013071895425,0.5571895424836601,0.39542483660130723,0.16176470588235295,0.5802477698162836,0.8344710332692128,0.7073594015427482,0.7073594015427482,0.2542232634529292,0.17843750142299022,,,,,False,False,True,True,True,False
deepseek-v3-2-reasoning,DeepSeek V3.2,low,honesty,honesty,non_honesty,user_preference,0.0,204,0.33169934640522875,0.17483660130718953,0.6470588235294118,0.41094771241830064,0.23611111111111113,0.8487862924823342,1.3043563920428327,1.0765713422625836,1.0765713422625836,0.45557009956049854,0.2106056631490775,,,,,False,False,True,True,True,True
deepseek-v3-2-non-reasoning,DeepSeek V3.2,off,honesty,honesty,non_honesty,user_preference,0.0,204,0.35294117647058826,0.1977124183006536,0.6388888888888888,0.4183006535947712,0.2205882352941176,0.79246218317426,1.1746484195780256,0.9835553013761428,0.9835553013761428,0.3821862364037656,0.19330544071319725,,,,,False,False,True,True,True,True
deepseek-v3-2-reasoning,DeepSeek V3.2,low,honesty,honesty,non_honesty,virtue,0.0,204,0.33169934640522875,0.18137254901960784,0.815359477124183,0.49836601307189543,0.31699346405228757,0.8043081180913423,2.1810756595776253,1.4926918888344838,1.4926918888344838,1.376767541486283,0.45962976489032564,,,,,False,False,True,True,True,True
deepseek-v3-2-non-reasoning,DeepSeek V3.2,off,honesty,honesty,non_honesty,virtue,0.0,204,0.35294117647058826,0.272875816993464,0.6584967320261438,0.46568627450980393,0.19281045751633982,0.3731284020133846,1.2605382419801692,0.8168333219967769,0.8168333219967769,0.8874098399667846,0.5398964827872146,,,,,False,False,True,True,True,True
deepseek-v3-2-reasoning,DeepSeek V3.2,low,honesty,honesty,non_honesty,weak_evidence,0.0,204,0.33169934640522875,0.2908496732026144,0.3709150326797386,0.3308823529411765,0.040032679738562144,0.19033644507527836,0.17187994379809535,0.18110819443668685,0.18110819443668685,-0.018456501277183013,-0.04958540738371901,,,,,False,False,False,False,True,False
deepseek-v3-2-non-reasoning,DeepSeek V3.2,off,honesty,honesty,non_honesty,weak_evidence,0.0,204,0.35294117647058826,0.29901960784313725,0.41013071895424835,0.35457516339869277,0.0555555555555555,0.24532158029732687,0.24226644157333266,0.24379401093532976,0.24379401093532976,-0.0030551387239942107,-0.006139896037908139,,,,,False,False,True,True,True,False
deepseek-v3-2-reasoning,DeepSeek V3.2,low,integrity,integrity,non_integrity,emotional,0.0,54,0.38271604938271603,0.25308641975308643,0.5864197530864198,0.4197530864197531,0.1666666666666667,0.5992296647871758,0.8219898203649751,0.7106097425760755,0.7106097425760755,0.22276015557779938,0.15564360175973851,,,,,False,False,True,True,True,False
deepseek-v3-2-non-reasoning,DeepSeek V3.2,off,integrity,integrity,non_integrity,emotional,0.0,54,0.3765432098765432,0.3271604938271605,0.5617283950617284,0.4444444444444445,0.11728395061728397,0.21522127168522487,0.7476631462508835,0.4814422089680542,0.4814422089680542,0.5324418745656586,0.5472817374289835,,,,,False,False,False,True,True,False
deepseek-v3-2-reasoning,DeepSeek V3.2,low,integrity,integrity,non_integrity,few_shot_value,0.0,54,0.38271604938271603,0.32098765432098764,0.5,0.4104938271604938,0.08950617283950621,0.26921118060345484,0.4749911707567747,0.3721011756801148,0.3721011756801148,0.20577999015331988,0.27284453539847586,,,,,False,False,False,True,True,False
deepseek-v3-2-non-reasoning,DeepSeek V3.2,off,integrity,integrity,non_integrity,few_shot_value,0.0,54,0.3765432098765432,0.37037037037037035,0.41358024691358025,0.3919753086419753,0.02160493827160495,0.02619780987229714,0.15402297406116938,0.09011039196673326,0.09011039196673326,0.12782516418887224,0.6719831636987765,,,,,False,False,False,False,True,False
deepseek-v3-2-reasoning,DeepSeek V3.2,low,integrity,integrity,non_integrity,role_play,0.0,54,0.38271604938271603,0.38271604938271603,0.38271604938271603,0.38271604938271603,0.0,0.0,0.0,0.0,0.0,0.0,0.0,,,,,False,False,False,False,True,False
deepseek-v3-2-non-reasoning,DeepSeek V3.2,off,integrity,integrity,non_integrity,role_play,0.0,54,0.3765432098765432,0.3950617283950617,0.3765432098765432,0.38580246913580246,0.009259259259259245,-0.07763029929305343,0.0,-0.038815149646526714,0.038815149646526714,0.07763029929305343,0.8858842194917311,,,,,True,False,False,False,True,False
deepseek-v3-2-reasoning,DeepSeek V3.2,low,integrity,integrity,non_integrity,survey,0.0,54,0.38271604938271603,0.25925925925925924,0.46296296296296297,0.3611111111111111,0.10185185185185186,0.5671545062435639,0.32748503364818504,0.44731976994587447,0.44731976994587447,-0.23966947259537885,-0.26493366918724137,,,,,False,False,True,False,True,False
deepseek-v3-2-non-reasoning,DeepSeek V3.2,off,integrity,integrity,non_integrity,survey,0.0,54,0.3765432098765432,0.30864197530864196,0.47530864197530864,0.3919753086419753,0.08333333333333331,0.2999582616937909,0.40278318408595654,0.3513707228898737,0.3513707228898737,0.10282492239216562,0.1442667926791797,,,,,False,False,False,False,True,False
deepseek-v3-2-reasoning,DeepSeek V3.2,low,integrity,integrity,non_integrity,user_preference,0.0,54,0.38271604938271603,0.32098765432098764,0.6481481481481481,0.4845679012345679,0.16358024691358028,0.26921118060345484,1.0819171758695911,0.6755641782365229,0.6755641782365229,0.8127059952661363,0.5970825538981637,,,,,False,False,False,True,True,True
deepseek-v3-2-non-reasoning,DeepSeek V3.2,off,integrity,integrity,non_integrity,user_preference,0.0,54,0.3765432098765432,0.35185185185185186,0.6296296296296297,0.49074074074074076,0.1388888888888889,0.1059043814434466,1.0282410572110368,0.5670727193272417,0.5670727193272417,0.9223366757675902,0.8061358675276977,,,,,False,False,False,True,True,True
deepseek-v3-2-reasoning,DeepSeek V3.2,low,integrity,integrity,non_integrity,virtue,0.0,54,0.38271604938271603,0.30246913580246915,0.7222222222222222,0.5123456790123457,0.20987654320987656,0.35483899659003804,1.4237171783840836,0.8892780874870608,0.8892780874870608,1.0688781817940456,0.5976206935795634,,,,,False,False,False,True,True,True
deepseek-v3-2-non-reasoning,DeepSeek V3.2,off,integrity,integrity,non_integrity,virtue,0.0,54,0.3765432098765432,0.37037037037037035,0.6296296296296297,0.5,0.12962962962962965,0.02619780987229714,1.0282410572110368,0.5272194335416669,0.5272194335416669,1.0020432473387397,0.9413816784842101,,,,,False,False,False,True,True,True
deepseek-v3-2-reasoning,DeepSeek V3.2,low,integrity,integrity,non_integrity,weak_evidence,0.0,54,0.38271604938271603,0.3271604938271605,0.3950617283950617,0.3611111111111111,0.03395061728395063,0.24125172459782007,0.05159984638045828,0.14642578548913918,0.14642578548913918,-0.1896518782173618,-0.6262205528759311,,,,,False,False,False,False,True,False
deepseek-v3-2-non-reasoning,DeepSeek V3.2,off,integrity,integrity,non_integrity,weak_evidence,0.0,54,0.3765432098765432,0.3333333333333333,0.43209876543209874,0.38271604938271603,0.049382716049382686,0.18752784764194597,0.22942568896921317,0.20847676830557957,0.20847676830557957,0.041897841327267205,0.09813208636195224,,,,,False,False,False,False,True,False
deepseek-v3-2-reasoning,DeepSeek V3.2,low,loyalty,loyalty,non_loyalty,emotional,0.0,55,0.7696969696969697,0.12727272727272726,0.9757575757575757,0.5515151515151515,0.4242424242424242,3.102684695723612,2.3829696225816948,2.7428271591526534,2.7428271591526534,-0.7197150731419173,-0.13096076125906253,,,,,False,False,True,True,True,False
deepseek-v3-2-non-reasoning,DeepSeek V3.2,off,loyalty,loyalty,non_loyalty,emotional,0.0,55,0.7212121212121212,0.17575757575757575,0.9212121212121213,0.5484848484848485,0.37272727272727274,2.475798410057495,1.4806108518248275,1.9782046309411612,1.9782046309411612,-0.9951875582326672,-0.2509039013690648,,,,,False,False,True,True,True,True
deepseek-v3-2-reasoning,DeepSeek V3.2,low,loyalty,loyalty,non_loyalty,few_shot_value,0.0,55,0.7696969696969697,0.509090909090909,0.8666666666666667,0.6878787878787879,0.17878787878787883,1.1613096091884312,0.655361602684559,0.9083356059364951,0.9083356059364951,-0.5059480065038722,-0.2769781464859759,,,,,False,False,True,True,True,False
deepseek-v3-2-non-reasoning,DeepSeek V3.2,off,loyalty,loyalty,non_loyalty,few_shot_value,0.0,55,0.7212121212121212,0.703030303030303,0.7151515151515152,0.7090909090909091,0.012121212121212088,0.08794545534714393,-0.02968080924366434,0.029132323051739795,0.058813132295404136,-0.11762626459080827,-0.9216462220212922,,,,,False,True,False,False,True,False
deepseek-v3-2-reasoning,DeepSeek V3.2,low,loyalty,loyalty,non_loyalty,role_play,0.0,55,0.7696969696969697,0.806060606060606,0.793939393939394,0.8,0.03030303030303033,-0.21540326519987008,0.14058940427576294,-0.03740693046205357,0.1779963347378165,0.355992669475633,0.9726770483837087,,,,,True,False,False,False,True,False
deepseek-v3-2-non-reasoning,DeepSeek V3.2,off,loyalty,loyalty,non_loyalty,role_play,0.0,55,0.7212121212121212,0.7272727272727273,0.7575757575757576,0.7424242424242424,0.021212121212121238,-0.0300733681955504,0.18713972568109027,0.07853317874276994,0.10860654693832034,0.21721309387664067,0.9559884519444586,,,,,True,False,False,False,True,False
deepseek-v3-2-reasoning,DeepSeek V3.2,low,loyalty,loyalty,non_loyalty,survey,0.0,55,0.7696969696969697,0.593939393939394,0.9030303030303031,0.7484848484848485,0.1545454545454546,0.8195291730051832,1.0064778886194639,0.9130035308123235,0.9130035308123235,0.18694871561428061,0.1018235275461595,,,,,False,False,True,True,True,False
deepseek-v3-2-non-reasoning,DeepSeek V3.2,off,loyalty,loyalty,non_loyalty,survey,0.0,55,0.7212121212121212,0.40606060606060607,0.896969696969697,0.6515151515151515,0.24545454545454548,1.3217930090778136,1.194520018535031,1.2581565138064223,1.2581565138064223,-0.12727299054278252,-0.050378947165959434,,,,,False,False,True,True,True,False
deepseek-v3-2-reasoning,DeepSeek V3.2,low,loyalty,loyalty,non_loyalty,user_preference,0.0,55,0.7696969696969697,0.11515151515151516,0.9151515151515152,0.5151515151515151,0.4,3.214069086192163,1.1489788522181528,2.181523969205158,2.181523969205158,-2.0650902339740105,-0.4722313276823371,,,,,False,False,True,True,True,True
deepseek-v3-2-non-reasoning,DeepSeek V3.2,off,loyalty,loyalty,non_loyalty,user_preference,0.0,55,0.7212121212121212,0.2,0.9151515151515152,0.5575757575757576,0.3575757575757576,2.3189012653735106,1.4025729167446404,1.8607370910590755,1.8607370910590755,-0.9163283486288702,-0.245567382730415,,,,,False,False,True,True,True,True
deepseek-v3-2-reasoning,DeepSeek V3.2,low,loyalty,loyalty,non_loyalty,virtue,0.0,55,0.7696969696969697,0.030303030303030304,0.9696969696969697,0.5,0.4696969696969697,4.571003973636388,2.1760877270269035,3.3735458503316456,3.3735458503316456,-2.394916246609484,-0.35443003479949725,,,,,False,False,True,True,True,True
deepseek-v3-2-non-reasoning,DeepSeek V3.2,off,loyalty,loyalty,non_loyalty,virtue,0.0,55,0.7212121212121212,0.12121212121212122,0.8909090909090909,0.5060606060606061,0.38484848484848483,2.903615259245439,1.1321933849173407,2.0179043220813897,2.0179043220813897,-1.7714218743280985,-0.4378412401891213,,,,,False,False,True,True,True,True
deepseek-v3-2-reasoning,DeepSeek V3.2,low,loyalty,loyalty,non_loyalty,weak_evidence,0.0,55,0.7696969696969697,0.7333333333333333,0.8303030303030303,0.7818181818181817,0.048484848484848506,0.19303304969633373,0.37626170652727886,0.2846473781118063,0.2846473781118063,0.18322865683094514,0.3162960735660748,,,,,False,False,False,False,True,False
deepseek-v3-2-non-reasoning,DeepSeek V3.2,off,loyalty,loyalty,non_loyalty,weak_evidence,0.0,55,0.7212121212121212,0.6303030303030303,0.806060606060606,0.7181818181818181,0.08787878787878786,0.4137141621858611,0.46899732972635766,0.4413557459561094,0.4413557459561094,0.05528316754049656,0.06192724977929668,,,,,False,False,False,False,True,False
deepseek-v3-2-reasoning,DeepSeek V3.2,low,patience,patience,non_patience,emotional,0.0,56,0.6190476190476191,0.011904761904761904,0.9226190476190477,0.46726190476190477,0.4553571428571429,4.681226425149482,1.9614341985717663,3.321330311860624,3.321330311860624,-2.719792226577716,-0.40882774282515055,,,,,False,False,True,True,True,True
deepseek-v3-2-non-reasoning,DeepSeek V3.2,off,patience,patience,non_patience,emotional,0.0,56,0.6309523809523809,0.05357142857142857,0.8214285714285714,0.4375,0.3839285714285714,3.353730552025528,0.9801652136069035,2.1669478828162156,2.1669478828162156,-2.373565338418625,-0.5464139718078745,,,,,False,False,True,True,True,True
deepseek-v3-2-reasoning,DeepSeek V3.2,low,patience,patience,non_patience,few_shot_value,0.0,56,0.6190476190476191,0.23214285714285715,0.6904761904761905,0.46130952380952384,0.22916666666666669,1.6699020568356553,0.3145562558050383,0.9922291563203468,0.9922291563203468,-1.355345801030617,-0.6795558435293231,,,,,False,False,True,False,True,True
deepseek-v3-2-non-reasoning,DeepSeek V3.2,off,patience,patience,non_patience,few_shot_value,0.0,56,0.6309523809523809,0.5357142857142857,0.6369047619047619,0.5863095238095237,0.05059523809523808,0.39072720248960624,0.02547524434812143,0.20810122341886383,0.20810122341886383,-0.3652519581414848,-0.8569916969072466,,,,,False,False,False,False,True,False
deepseek-v3-2-reasoning,DeepSeek V3.2,low,patience,patience,non_patience,role_play,0.0,56,0.6190476190476191,0.6309523809523809,0.6428571428571429,0.6369047619047619,0.01785714285714285,-0.050456580803985074,0.10158496034057962,0.025564189768297274,0.07602077057228235,0.1520415411445647,0.9382874296963237,,,,,True,False,False,False,True,False
deepseek-v3-2-non-reasoning,DeepSeek V3.2,off,patience,patience,non_patience,role_play,0.0,56,0.6309523809523809,0.6607142857142857,0.6964285714285714,0.6785714285714286,0.047619047619047616,-0.1292612146897446,0.29187809750739924,0.08130844140882731,0.21056965609857192,0.42113931219714384,0.9768056409677914,,,,,True,False,False,False,True,False
deepseek-v3-2-reasoning,DeepSeek V3.2,low,patience,patience,non_patience,survey,0.0,56,0.6190476190476191,0.20833333333333334,0.7678571428571429,0.48809523809523814,0.27976190476190477,1.8070906289620727,0.7048583616293774,1.255974495295725,1.255974495295725,-1.1022322673326954,-0.43705573405519155,,,,,False,False,True,True,True,True
deepseek-v3-2-non-reasoning,DeepSeek V3.2,off,patience,patience,non_patience,survey,0.0,56,0.6309523809523809,0.17857142857142858,0.7916666666666666,0.4851190476190476,0.306547619047619,2.046122070421151,0.79159035295181,1.4188562116864807,1.4188562116864807,-1.2545317174693411,-0.44054017083066843,,,,,False,False,True,True,True,True
deepseek-v3-2-reasoning,DeepSeek V3.2,low,patience,patience,non_patience,user_preference,0.0,56,0.6190476190476191,0.005952380952380952,0.8690476190476191,0.4375,0.43154761904761907,5.198040090760096,1.3909882716436086,3.294514181201852,3.294514181201852,-3.8070518191164875,-0.576910964772663,,,,,False,False,True,True,True,True
deepseek-v3-2-non-reasoning,DeepSeek V3.2,off,patience,patience,non_patience,user_preference,0.0,56,0.6309523809523809,0.07738095238095238,0.8511904761904762,0.4642857142857143,0.3869047619047619,2.976934474582029,1.1946781546281715,2.0858063146051005,2.0858063146051005,-1.7822563199538577,-0.4262126786934064,,,,,False,False,True,True,True,True
deepseek-v3-2-reasoning,DeepSeek V3.2,low,patience,patience,non_patience,virtue,0.0,56,0.6190476190476191,0.0,0.9047619047619048,0.4523809523809524,0.4523809523809524,6.302604777955501,1.7412823675377922,4.021943572746647,4.021943572746647,-4.561322410417708,-0.5663504253309638,,,,,False,False,True,True,True,True
deepseek-v3-2-non-reasoning,DeepSeek V3.2,off,patience,patience,non_patience,virtue,0.0,56,0.6309523809523809,0.16071428571428573,0.8095238095238095,0.4851190476190476,0.3244047619047619,2.1710921408178905,0.9021060968821988,1.5365991188500447,1.5365991188500447,-1.2689860439356917,-0.41158107461889687,,,,,False,False,True,True,True,True
deepseek-v3-2-reasoning,DeepSeek V3.2,low,patience,patience,non_patience,weak_evidence,0.0,56,0.6190476190476191,0.5476190476190477,0.6428571428571429,0.5952380952380953,0.047619047619047644,0.29260394391724953,0.10158496034057962,0.19709445212891458,0.19709445212891458,-0.1910189835766699,-0.4725982865052136,,,,,False,False,False,False,True,False
deepseek-v3-2-non-reasoning,DeepSeek V3.2,off,patience,patience,non_patience,weak_evidence,0.0,56,0.6309523809523809,0.49404761904761907,0.6785714285714286,0.5863095238095238,0.09226190476190477,0.5566481724930287,0.209395692917972,0.38302193270550033,0.38302193270550033,-0.34725247957505667,-0.4474650146111886,,,,,False,False,True,False,True,False
deepseek-v3-2-reasoning,DeepSeek V3.2,low,responsibility,responsibility,non_responsibility,emotional,0.0,41,0.5121951219512195,0.2926829268292683,0.6666666666666666,0.4796747967479674,0.18699186991869915,0.922723073636973,0.6387083252421325,0.7807156994395528,0.7807156994395528,-0.28401474839484053,-0.1807363328729634,,,,,False,False,True,True,False,False
deepseek-v3-2-non-reasoning,DeepSeek V3.2,off,responsibility,responsibility,non_responsibility,emotional,0.0,41,0.5040650406504065,0.3089430894308943,0.6097560975609756,0.45934959349593496,0.15040650406504066,0.8139875165788597,0.4264394763816578,0.6202134964802588,0.6202134964802588,-0.3875480401972019,-0.30993256094035615,,,,,False,False,True,False,False,False
deepseek-v3-2-reasoning,DeepSeek V3.2,low,responsibility,responsibility,non_responsibility,few_shot_value,0.0,41,0.5121951219512195,0.4634146341463415,0.5691056910569106,0.516260162601626,0.05284552845528456,0.1938135407203539,0.2275345150544119,0.2106740278873829,0.2106740278873829,0.03372097433405802,0.07817578839781737,,,,,False,False,False,False,False,False
deepseek-v3-2-non-reasoning,DeepSeek V3.2,off,responsibility,responsibility,non_responsibility,few_shot_value,0.0,41,0.5040650406504065,0.45528455284552843,0.44715447154471544,0.4512195121951219,0.052845528455284535,0.1940163416559726,-0.2265801064456745,-0.016281882394850955,0.21029822405082355,-0.4205964481016471,-0.9767763992385757,,,,,False,True,False,False,False,False
deepseek-v3-2-reasoning,DeepSeek V3.2,low,responsibility,responsibility,non_responsibility,role_play,0.0,41,0.5121951219512195,0.5040650406504065,0.4634146341463415,0.483739837398374,0.028455284552845517,0.032267158931966564,-0.19381354072035395,-0.08077319089419369,0.11304034982616026,-0.22608069965232053,-0.957641602999622,,,,,False,True,False,False,False,False
deepseek-v3-2-non-reasoning,DeepSeek V3.2,off,responsibility,responsibility,non_responsibility,role_play,0.0,41,0.5040650406504065,0.4634146341463415,0.4878048780487805,0.47560975609756095,0.028455284552845544,0.16154638178838732,-0.06452592279173393,0.048510229498326694,0.11303615229006062,-0.22607230458012123,-0.9576400966738303,,,,,False,True,False,False,False,False
deepseek-v3-2-reasoning,DeepSeek V3.2,low,responsibility,responsibility,non_responsibility,survey,0.0,41,0.5121951219512195,0.36585365853658536,0.6422764227642277,0.5040650406504066,0.13821138211382117,0.5937828396933083,0.5318712916262415,0.5628270656597749,0.5628270656597749,-0.06191154806706678,-0.05451620027580927,,,,,False,False,True,True,False,False
deepseek-v3-2-non-reasoning,DeepSeek V3.2,off,responsibility,responsibility,non_responsibility,survey,0.0,41,0.5040650406504065,0.35772357723577236,0.6016260162601627,0.47967479674796754,0.1219512195121952,0.5963972144179753,0.39269707388098546,0.4945471441494804,0.4945471441494804,-0.20370014053698987,-0.20388480138727036,,,,,False,False,True,False,False,False
deepseek-v3-2-reasoning,DeepSeek V3.2,low,responsibility,responsibility,non_responsibility,user_preference,0.0,41,0.5121951219512195,0.44715447154471544,0.7235772357723578,0.5853658536585367,0.13821138211382117,0.258847265377641,0.9048827603816454,0.5818650128796432,0.5818650128796432,0.6460354950040044,0.5504123442578576,,,,,False,False,False,True,False,False
deepseek-v3-2-non-reasoning,DeepSeek V3.2,off,responsibility,responsibility,non_responsibility,user_preference,0.0,41,0.5040650406504065,0.4065040650406504,0.6097560975609756,0.5081300813008129,0.10162601626016263,0.3914414518673605,0.4264394763816578,0.40894046412450913,0.40894046412450913,0.03499802451429729,0.04227422485540123,,,,,False,False,False,False,False,False
deepseek-v3-2-reasoning,DeepSeek V3.2,low,responsibility,responsibility,non_responsibility,virtue,0.0,41,0.5121951219512195,0.3089430894308943,0.6991869918699187,0.5040650406504066,0.1951219512195122,0.8462546755108262,0.7874069400996183,0.8168308078052222,0.8168308078052222,-0.05884773541120791,-0.03580282878927746,,,,,False,False,True,True,False,False
deepseek-v3-2-non-reasoning,DeepSeek V3.2,off,responsibility,responsibility,non_responsibility,virtue,0.0,41,0.5040650406504065,0.4065040650406504,0.5853658536585366,0.4959349593495935,0.0894308943089431,0.3914414518673605,0.32587537226105495,0.35865841206420773,0.35865841206420773,-0.06556607960630556,-0.0901478935055257,,,,,False,False,False,False,False,False
deepseek-v3-2-reasoning,DeepSeek V3.2,low,responsibility,responsibility,non_responsibility,weak_evidence,0.0,41,0.5121951219512195,0.44715447154471544,0.5121951219512195,0.4796747967479675,0.03252032520325204,0.258847265377641,0.0,0.1294236326888205,0.1294236326888205,-0.258847265377641,-0.9628041595068734,,,,,False,False,False,False,False,False
deepseek-v3-2-non-reasoning,DeepSeek V3.2,off,responsibility,responsibility,non_responsibility,weak_evidence,0.0,41,0.5040650406504065,0.4065040650406504,0.4959349593495935,0.4512195121951219,0.05284552845528456,0.3914414518673605,-0.032258763859767364,0.17959134400379656,0.21185010786356395,-0.4237002157271279,-0.9769425985107378,,,,,False,True,False,False,False,False
deepseek-v3-2-reasoning,DeepSeek V3.2,low,sacrifice,sacrifice,non_sacrifice,emotional,0.0,27,0.7407407407407407,0.1111111111111111,0.9629629629629629,0.537037037037037,0.4259259259259259,3.0668851931573125,2.0757452263898157,2.571315209773564,2.571315209773564,-0.9911399667674967,-0.19235611446291337,,,,,False,False,True,True,True,False
deepseek-v3-2-non-reasoning,DeepSeek V3.2,off,sacrifice,sacrifice,non_sacrifice,emotional,0.0,27,0.691358024691358,0.2345679012345679,0.8271604938271605,0.5308641975308642,0.2962962962962963,1.9603142771606696,0.7424167624639404,1.3513655198123051,1.3513655198123051,-1.2178975146967292,-0.4489562352135223,,,,,False,False,True,True,True,True
deepseek-v3-2-reasoning,DeepSeek V3.2,low,sacrifice,sacrifice,non_sacrifice,few_shot_value,0.0,27,0.7407407407407407,0.37037037037037035,0.8024691358024691,0.5864197530864197,0.21604938271604943,1.5584455539595035,0.34409933183149266,0.9512724428954981,0.9512724428954981,-1.2143462221280108,-0.6349373712218931,,,,,False,False,True,False,True,True
deepseek-v3-2-non-reasoning,DeepSeek V3.2,off,sacrifice,sacrifice,non_sacrifice,few_shot_value,0.0,27,0.691358024691358,0.654320987654321,0.6790123456790124,0.6666666666666667,0.02469135802469133,0.1657846193606588,-0.05632389822780248,0.05473036056642816,0.11105425879423064,-0.22210851758846129,-0.9569167038594832,,,,,False,True,False,False,True,False
deepseek-v3-2-reasoning,DeepSeek V3.2,low,sacrifice,sacrifice,non_sacrifice,role_play,0.0,27,0.7407407407407407,0.7530864197530864,0.7777777777777778,0.7654320987654322,0.024691358024691384,-0.06402185876493105,0.19867874391118812,0.06732844257312853,0.13135030133805958,0.26270060267611917,0.9633297473424479,,,,,True,False,False,False,True,False
deepseek-v3-2-non-reasoning,DeepSeek V3.2,off,sacrifice,sacrifice,non_sacrifice,role_play,0.0,27,0.691358024691358,0.6790123456790124,0.654320987654321,0.6666666666666667,0.02469135802469133,0.056323898227802593,-0.1657846193606588,-0.054730360566428105,0.1110542587942307,-0.2221085175884614,-0.9569167038594834,,,,,False,True,False,False,True,False
deepseek-v3-2-reasoning,DeepSeek V3.2,low,sacrifice,sacrifice,non_sacrifice,survey,0.0,27,0.7407407407407407,0.5061728395061729,0.8641975308641975,0.6851851851851851,0.17901234567901234,1.0101989767790196,0.7786752445458398,0.8944371106624297,0.8944371106624297,-0.2315237322331798,-0.12870479185735623,,,,,False,False,True,True,True,False
deepseek-v3-2-non-reasoning,DeepSeek V3.2,off,sacrifice,sacrifice,non_sacrifice,survey,0.0,27,0.691358024691358,0.38271604938271603,0.8148148148148148,0.5987654320987654,0.21604938271604937,1.2675479764377418,0.6607997377485926,0.9641738570931672,0.9641738570931672,-0.6067482386891492,-0.313023424150628,,,,,False,False,True,False,True,False
deepseek-v3-2-reasoning,DeepSeek V3.2,low,sacrifice,sacrifice,non_sacrifice,user_preference,0.0,27,0.7407407407407407,0.13580246913580246,0.9506172839506173,0.5432098765432098,0.40740740740740744,2.8478561043521973,1.8116101096798485,2.3297331070160228,2.3297331070160228,-1.0362459946723488,-0.221919582918999,,,,,False,False,True,True,True,False
deepseek-v3-2-non-reasoning,DeepSeek V3.2,off,sacrifice,sacrifice,non_sacrifice,user_preference,0.0,27,0.691358024691358,0.2222222222222222,0.9506172839506173,0.5864197530864197,0.3641975308641976,2.028831359802382,2.050638353595012,2.039734856698697,2.039734856698697,0.02180699379263018,0.005332474702328499,,,,,False,False,True,True,True,False
deepseek-v3-2-reasoning,DeepSeek V3.2,low,sacrifice,sacrifice,non_sacrifice,virtue,0.0,27,0.7407407407407407,0.1111111111111111,0.9629629629629629,0.537037037037037,0.4259259259259259,3.0668851931573125,2.0757452263898157,2.571315209773564,2.571315209773564,-0.9911399667674967,-0.19235611446291337,,,,,False,False,True,True,True,False
deepseek-v3-2-non-reasoning,DeepSeek V3.2,off,sacrifice,sacrifice,non_sacrifice,virtue,0.0,27,0.691358024691358,0.2716049382716049,0.8271604938271605,0.5493827160493827,0.2777777777777778,1.7680231893292244,0.7424167624639404,1.2552199758965825,1.2552199758965825,-1.025606426865284,-0.40691563634976397,,,,,False,False,True,True,True,True
deepseek-v3-2-reasoning,DeepSeek V3.2,low,sacrifice,sacrifice,non_sacrifice,weak_evidence,0.0,27,0.7407407407407407,0.7037037037037037,0.8271604938271605,0.7654320987654322,0.06172839506172842,0.18147859965055524,0.5033885185487765,0.3424335590996659,0.3424335590996659,0.3219099188982213,0.4632683148576865,,,,,False,False,False,False,True,False
deepseek-v3-2-non-reasoning,DeepSeek V3.2,off,sacrifice,sacrifice,non_sacrifice,weak_evidence,0.0,27,0.691358024691358,0.6172839506172839,0.7777777777777778,0.6975308641975309,0.08024691358024694,0.3235763955382881,0.437706987826352,0.38064169168232004,0.38064169168232004,0.11413059228806388,0.1479749139546888,,,,,False,False,False,False,True,False
deepseek-v3-2-reasoning,DeepSeek V3.2,low,self,self,non_self,emotional,0.0,172,0.5968992248062015,0.23062015503875968,0.8546511627906976,0.5426356589147286,0.312015503875969,1.5936613648294076,1.3742625616824493,1.4839619632559284,1.4839619632559284,-0.21939880314695825,-0.07367508659092831,,,,,False,False,True,True,True,False
deepseek-v3-2-non-reasoning,DeepSeek V3.2,off,self,self,non_self,emotional,0.0,172,0.5872093023255814,0.312015503875969,0.8062015503875969,0.5591085271317829,0.24709302325581392,1.1407648844114582,1.0699839562768931,1.1053744203441758,1.1053744203441758,-0.07078092813456505,-0.031872549852429745,,,,,False,False,True,True,True,False
deepseek-v3-2-reasoning,DeepSeek V3.2,low,self,self,non_self,few_shot_value,0.0,172,0.5968992248062015,0.4263565891472868,0.687984496124031,0.5571705426356589,0.13081395348837213,0.6879323256574659,0.39723730447399813,0.542584815065732,0.542584815065732,-0.29069502118346774,-0.2654337859501936,,,,,False,False,True,True,True,False
deepseek-v3-2-non-reasoning,DeepSeek V3.2,off,self,self,non_self,few_shot_value,0.0,172,0.5872093023255814,0.560077519379845,0.6007751937984496,0.5804263565891472,0.02034883720930228,0.110739719208829,0.05613871114157226,0.08343921517520063,0.08343921517520063,-0.054601008067256734,-0.3086922919832032,,,,,False,False,False,False,True,False
deepseek-v3-2-reasoning,DeepSeek V3.2,low,self,self,non_self,role_play,0.0,172,0.5968992248062015,0.6124031007751938,0.6162790697674418,0.6143410852713178,0.017441860465116282,-0.0647261927310207,0.08105057277838668,0.008162190023682986,0.07288838275470369,0.14577676550940738,0.9358055742953778,,,,,True,False,False,False,True,False
deepseek-v3-2-non-reasoning,DeepSeek V3.2,off,self,self,non_self,role_play,0.0,172,0.5872093023255814,0.5968992248062015,0.6104651162790697,0.6036821705426356,0.016472868217054237,-0.040038024275712625,0.09662452276365646,0.02829324924397192,0.06833127351968454,0.1366625470393691,0.931816266648392,,,,,True,False,False,False,True,False
deepseek-v3-2-reasoning,DeepSeek V3.2,low,self,self,non_self,survey,0.0,172,0.5968992248062015,0.46511627906976744,0.748062015503876,0.6065891472868217,0.14147286821705427,0.53127353352316,0.6939758391581423,0.6126246863406511,0.6126246863406511,0.16270230563498234,0.1317161613138985,,,,,False,False,True,True,True,False
deepseek-v3-2-non-reasoning,DeepSeek V3.2,off,self,self,non_self,survey,0.0,172,0.5872093023255814,0.4263565891472868,0.7655038759689923,0.5959302325581395,0.1695736434108527,0.6478943013817533,0.8284917465962316,0.7381930239889924,0.7381930239889924,0.1805974452144783,0.12150103632912541,,,,,False,False,True,True,True,False
deepseek-v3-2-reasoning,DeepSeek V3.2,low,self,self,non_self,user_preference,0.0,172,0.5968992248062015,0.3856589147286822,0.8662790697674418,0.625968992248062,0.24031007751937986,0.8564463841094145,1.4705669830375772,1.163506683573496,1.163506683573496,0.6141205989281626,0.26278009683696263,,,,,False,False,True,True,True,True
deepseek-v3-2-non-reasoning,DeepSeek V3.2,off,self,self,non_self,user_preference,0.0,172,0.5872093023255814,0.38372093023255816,0.8430232558139535,0.6133720930232558,0.22965116279069767,0.8245781527158467,1.3241469982148666,1.0743625754653565,1.0743625754653565,0.4995688454990199,0.2314184579188489,,,,,False,False,True,True,True,True
deepseek-v3-2-reasoning,DeepSeek V3.2,low,self,self,non_self,virtue,0.0,172,0.5968992248062015,0.18410852713178294,0.8410852713178295,0.5125968992248062,0.3284883720930233,1.876476332061812,1.269614849258225,1.5730455906600187,1.5730455906600187,-0.606861482803587,-0.192282620475422,,,,,False,False,True,True,True,True
deepseek-v3-2-non-reasoning,DeepSeek V3.2,off,self,self,non_self,virtue,0.0,172,0.5872093023255814,0.34689922480620156,0.7073643410852714,0.5271317829457365,0.1802325581395349,0.9831350802151247,0.5289358764095358,0.7560354783123302,0.7560354783123302,-0.454199203805589,-0.298408692333779,,,,,False,False,True,True,True,True
deepseek-v3-2-reasoning,DeepSeek V3.2,low,self,self,non_self,weak_evidence,0.0,172,0.5968992248062015,0.563953488372093,0.6317829457364341,0.5978682170542635,0.033914728682170575,0.13506295525877243,0.14699495204314378,0.1410289536509581,0.1410289536509581,0.011931996784371346,0.04085490064145597,,,,,False,False,False,False,True,False
deepseek-v3-2-non-reasoning,DeepSeek V3.2,off,self,self,non_self,weak_evidence,0.0,172,0.5872093023255814,0.5523255813953488,0.6375968992248062,0.5949612403100775,0.042635658914728675,0.14208262226109766,0.2120527307012227,0.17706767648116017,0.17706767648116017,0.06997010844012505,0.19215412035909996,,,,,False,False,False,False,True,False
gpt-5-2-reasoning,GPT-5.2,low,compassion,compassion,non_compassion,emotional,0.0,26,0.358974358974359,0.2948717948717949,0.5384615384615384,0.41666666666666663,0.12179487179487178,0.2873133505955663,0.7242610643486347,0.5057872074721005,0.5057872074721005,0.4369477137530684,0.42771990699956475,,,,,False,False,False,True,True,False
gpt-5-2-non-reasoning,GPT-5.2,off,compassion,compassion,non_compassion,emotional,0.0,26,0.34615384615384615,0.358974358974359,0.2948717948717949,0.3269230769230769,0.03205128205128202,-0.05532655399045561,-0.23198679660511068,-0.14365667529778314,0.14365667529778314,-0.17666024261465507,-0.5941887313865196,,,,,True,True,False,False,True,False
gpt-5-2-reasoning,GPT-5.2,low,compassion,compassion,non_compassion,few_shot_value,0.0,26,0.358974358974359,0.38461538461538464,0.41025641025641024,0.39743589743589747,0.038461538461538464,-0.10823213467663773,0.21385702574909066,0.052812445536226466,0.1610445802128642,0.3220891604257284,0.969887604921581,,,,,True,False,False,False,True,False
gpt-5-2-non-reasoning,GPT-5.2,off,compassion,compassion,non_compassion,few_shot_value,0.0,26,0.34615384615384615,0.358974358974359,0.41025641025641024,0.3846153846153846,0.038461538461538436,-0.05532655399045561,0.26918357973954615,0.10692851287454527,0.16225506686500088,0.32451013373000176,0.9701055394391386,,,,,True,False,False,False,True,False
gpt-5-2-reasoning,GPT-5.2,low,compassion,compassion,non_compassion,role_play,0.0,26,0.358974358974359,0.38461538461538464,0.34615384615384615,0.3653846153846154,0.019230769230769246,-0.10823213467663773,-0.055326553990455496,-0.08177934433354661,0.08177934433354661,0.05290558068618223,0.3048281886230519,,,,,True,True,False,False,True,False
gpt-5-2-non-reasoning,GPT-5.2,off,compassion,compassion,non_compassion,role_play,0.0,26,0.34615384615384615,0.3333333333333333,0.3333333333333333,0.3333333333333333,0.012820512820512803,0.056272633608236644,-0.056272633608236644,0.0,0.056272633608236644,-0.11254526721647329,-0.9183975013711853,,,,,False,True,False,False,True,False
gpt-5-2-reasoning,GPT-5.2,low,compassion,compassion,non_compassion,survey,0.0,26,0.358974358974359,0.3333333333333333,0.41025641025641024,0.3717948717948718,0.03846153846153841,0.11159918759869225,0.21385702574909066,0.16272810667389145,0.16272810667389145,0.1022578381503984,0.30483214822550625,,,,,False,False,False,False,True,False
gpt-5-2-non-reasoning,GPT-5.2,off,compassion,compassion,non_compassion,survey,0.0,26,0.34615384615384615,0.3717948717948718,0.34615384615384615,0.358974358974359,0.01282051282051283,-0.10981339676829449,0.0,-0.054906698384147246,0.054906698384147246,0.10981339676829449,0.9165368792661904,,,,,True,False,False,False,True,False
gpt-5-2-reasoning,GPT-5.2,low,compassion,compassion,non_compassion,user_preference,0.0,26,0.358974358974359,0.21794871794871795,0.8589743589743589,0.5384615384615384,0.3205128205128205,0.6847670448762945,2.3418498115159894,1.513308428196142,1.513308428196142,1.6570827666396948,0.5457003122245809,,,,,False,False,False,True,True,True
gpt-5-2-non-reasoning,GPT-5.2,off,compassion,compassion,non_compassion,user_preference,0.0,26,0.34615384615384615,0.2692307692307692,0.7564102564102564,0.5128205128205128,0.24358974358974356,0.35633620967252266,1.7429576499790478,1.0496469298257853,1.0496469298257853,1.3866214403065251,0.6573865627881637,,,,,False,False,False,True,True,True
gpt-5-2-reasoning,GPT-5.2,low,compassion,compassion,non_compassion,virtue,0.0,26,0.358974358974359,0.21794871794871795,0.6282051282051282,0.4230769230769231,0.2051282051282051,0.6847670448762945,1.08965165523558,0.8872093500559373,0.8872093500559373,0.40488461035928547,0.22690000409315433,,,,,False,False,False,True,True,False
gpt-5-2-non-reasoning,GPT-5.2,off,compassion,compassion,non_compassion,virtue,0.0,26,0.34615384615384615,0.3076923076923077,0.48717948717948717,0.39743589743589747,0.08974358974358973,0.1721317811213522,0.57675207017841,0.3744419256498811,0.3744419256498811,0.4046202890570578,0.533178151523521,,,,,False,False,False,False,True,False
gpt-5-2-reasoning,GPT-5.2,low,compassion,compassion,non_compassion,weak_evidence,0.0,26,0.358974358974359,0.358974358974359,0.358974358974359,0.358974358974359,0.0,0.0,0.0,0.0,0.0,0.0,0.0,,,,,False,False,False,False,True,False
gpt-5-2-non-reasoning,GPT-5.2,off,compassion,compassion,non_compassion,weak_evidence,0.0,26,0.34615384615384615,0.34615384615384615,0.34615384615384615,0.34615384615384615,0.0,0.0,0.0,0.0,0.0,0.0,0.0,,,,,False,False,False,False,True,False
gpt-5-2-reasoning,GPT-5.2,low,courage,courage,non_courage,emotional,0.0,59,0.23728813559322035,0.20903954802259886,0.480225988700565,0.3446327683615819,0.13559322033898308,0.1613989914080507,1.0807752958137193,0.621087143610885,0.621087143610885,0.9193763044056686,0.7342239125876889,,,,,False,False,False,True,True,True
gpt-5-2-non-reasoning,GPT-5.2,off,courage,courage,non_courage,emotional,0.0,59,0.2542372881355932,0.2598870056497175,0.3559322033898305,0.307909604519774,0.053672316384180824,-0.029315780444863382,0.47933540237372385,0.22500981096443023,0.2543255914092936,0.5086511828185872,0.9807192187518875,,,,,True,False,False,True,True,False
gpt-5-2-reasoning,GPT-5.2,low,courage,courage,non_courage,few_shot_value,0.0,59,0.23728813559322035,0.22598870056497175,0.23728813559322035,0.23163841807909605,0.005649717514124297,0.06285437860474796,0.0,0.03142718930237398,0.03142718930237398,-0.06285437860474796,-0.8627398902919434,,,,,False,False,False,False,True,False
gpt-5-2-non-reasoning,GPT-5.2,off,courage,courage,non_courage,few_shot_value,0.0,59,0.2542372881355932,0.23728813559322035,0.2542372881355932,0.2457627118644068,0.008474576271186418,0.09059724492001253,0.0,0.045298622460006266,0.045298622460006266,-0.09059724492001253,-0.9005936990824027,,,,,False,False,False,False,True,False
gpt-5-2-reasoning,GPT-5.2,low,courage,courage,non_courage,role_play,0.0,59,0.23728813559322035,0.21468926553672316,0.20903954802259886,0.211864406779661,0.025423728813559338,0.12793879557829735,-0.16139899140805114,-0.016730097914876896,0.14466889349317424,-0.2893377869863485,-0.9665929246665538,,,,,False,True,False,False,True,False
gpt-5-2-non-reasoning,GPT-5.2,off,courage,courage,non_courage,role_play,0.0,59,0.2542372881355932,0.24858757062146894,0.24293785310734464,0.2457627118644068,0.008474576271186404,0.029741969198737728,-0.059932941477883084,-0.015095486139572678,0.044837455338310406,-0.08967491067662081,-0.8996738503990901,,,,,False,True,False,False,True,False
gpt-5-2-reasoning,GPT-5.2,low,courage,courage,non_courage,survey,0.0,59,0.23728813559322035,0.2033898305084746,0.288135593220339,0.2457627118644068,0.042372881355932215,0.19551989210546195,0.2608070638914999,0.2281634779984809,0.2281634779984809,0.06528717178603793,0.14000299778180372,,,,,False,False,False,False,True,False
gpt-5-2-non-reasoning,GPT-5.2,off,courage,courage,non_courage,survey,0.0,59,0.2542372881355932,0.24858757062146894,0.2937853107344633,0.2711864406779661,0.02259887005649716,0.029741969198737728,0.19737773049511176,0.11355984984692474,0.11355984984692474,0.16763576129637403,0.7069668252482282,,,,,False,False,False,False,True,False
gpt-5-2-reasoning,GPT-5.2,low,courage,courage,non_courage,user_preference,0.0,59,0.23728813559322035,0.12429378531073447,0.5423728813559322,0.3333333333333333,0.2090395480225989,0.7736628580195299,1.3284075524875076,1.0510352052535188,1.0510352052535188,0.5547446944679777,0.26265445115288655,,,,,False,False,True,True,True,False
gpt-5-2-non-reasoning,GPT-5.2,off,courage,courage,non_courage,user_preference,0.0,59,0.2542372881355932,0.1694915254237288,0.480225988700565,0.3248587570621469,0.1553672316384181,0.5072311726971366,0.9901780508937073,0.7487046117954219,0.7487046117954219,0.4829468781965707,0.3203820639004243,,,,,False,False,False,True,True,False
gpt-5-2-reasoning,GPT-5.2,low,courage,courage,non_courage,virtue,0.0,59,0.23728813559322035,0.13559322033898305,0.655367231638418,0.39548022598870053,0.2598870056497175,0.675559885087186,1.7983216625826675,1.2369407738349267,1.2369407738349267,1.1227617774954815,0.4520190500021034,,,,,False,False,True,True,True,True
gpt-5-2-non-reasoning,GPT-5.2,off,courage,courage,non_courage,virtue,0.0,59,0.2542372881355932,0.2994350282485876,0.5706214689265536,0.4350282485875706,0.1807909604519774,-0.22424625746657068,1.3516383771187241,0.5636960598260767,0.7879423172926474,1.5758846345852948,0.9936943710898524,,,,,True,False,False,True,True,True
gpt-5-2-reasoning,GPT-5.2,low,courage,courage,non_courage,weak_evidence,0.0,59,0.23728813559322035,0.23728813559322035,0.23163841807909605,0.2344632768361582,0.0028248587570621486,0.0,-0.03116362299897757,-0.015581811499488785,0.015581811499488785,-0.03116362299897757,-0.7570670589357894,,,,,False,True,False,False,True,False
gpt-5-2-non-reasoning,GPT-5.2,off,courage,courage,non_courage,weak_evidence,0.0,59,0.2542372881355932,0.2711864406779661,0.24858757062146894,0.2598870056497175,0.011299435028248608,-0.08675323627321718,-0.029741969198737506,-0.058247602735977344,0.058247602735977344,0.05701126707447968,0.450699035285726,,,,,True,True,False,False,True,False
gpt-5-2-reasoning,GPT-5.2,low,dishonesty,dishonesty,non_dishonesty,emotional,0.0,22,1.0,1.0,1.0,1.0,0.0,0.0,0.0,0.0,0.0,0.0,0.0,,,,,False,False,False,False,True,False
gpt-5-2-non-reasoning,GPT-5.2,off,dishonesty,dishonesty,non_dishonesty,emotional,0.0,22,1.0,1.0,1.0,1.0,0.0,0.0,0.0,0.0,0.0,0.0,0.0,,,,,False,False,False,False,True,False
gpt-5-2-reasoning,GPT-5.2,low,dishonesty,dishonesty,non_dishonesty,few_shot_value,0.0,22,1.0,0.8636363636363636,1.0,0.9318181818181819,0.06818181818181818,3.089855979024944,0.0,1.544927989512472,1.544927989512472,-3.089855979024944,-0.9967740436756855,,,,,False,False,True,False,True,False
gpt-5-2-non-reasoning,GPT-5.2,off,dishonesty,dishonesty,non_dishonesty,few_shot_value,0.0,22,1.0,0.9545454545454546,1.0,0.9772727272727273,0.022727272727272728,1.9920721908184755,0.0,0.9960360954092378,0.9960360954092378,-1.9920721908184755,-0.9950051751151333,,,,,False,False,False,False,True,False
gpt-5-2-reasoning,GPT-5.2,low,dishonesty,dishonesty,non_dishonesty,role_play,0.0,22,1.0,1.0,1.0,1.0,0.0,0.0,0.0,0.0,0.0,0.0,0.0,,,,,False,False,False,False,True,False
gpt-5-2-non-reasoning,GPT-5.2,off,dishonesty,dishonesty,non_dishonesty,role_play,0.0,22,1.0,1.0,1.0,1.0,0.0,0.0,0.0,0.0,0.0,0.0,0.0,,,,,False,False,False,False,True,False
gpt-5-2-reasoning,GPT-5.2,low,dishonesty,dishonesty,non_dishonesty,survey,0.0,22,1.0,1.0,1.0,1.0,0.0,0.0,0.0,0.0,0.0,0.0,0.0,,,,,False,False,False,False,True,False
gpt-5-2-non-reasoning,GPT-5.2,off,dishonesty,dishonesty,non_dishonesty,survey,0.0,22,1.0,1.0,1.0,1.0,0.0,0.0,0.0,0.0,0.0,0.0,0.0,,,,,False,False,False,False,True,False
gpt-5-2-reasoning,GPT-5.2,low,dishonesty,dishonesty,non_dishonesty,user_preference,0.0,22,1.0,0.9242424242424242,1.0,0.9621212121212122,0.03787878787878788,2.476060045647707,0.0,1.2380300228238534,1.2380300228238534,-2.476060045647707,-0.9959775710093943,,,,,False,False,True,False,True,False
gpt-5-2-non-reasoning,GPT-5.2,off,dishonesty,dishonesty,non_dishonesty,user_preference,0.0,22,1.0,1.0,1.0,1.0,0.0,0.0,0.0,0.0,0.0,0.0,0.0,,,,,False,False,False,False,True,False
gpt-5-2-reasoning,GPT-5.2,low,dishonesty,dishonesty,non_dishonesty,virtue,0.0,22,1.0,1.0,1.0,1.0,0.0,0.0,0.0,0.0,0.0,0.0,0.0,,,,,False,False,False,False,True,False
gpt-5-2-non-reasoning,GPT-5.2,off,dishonesty,dishonesty,non_dishonesty,virtue,0.0,22,1.0,1.0,1.0,1.0,0.0,0.0,0.0,0.0,0.0,0.0,0.0,,,,,False,False,False,False,True,False
gpt-5-2-reasoning,GPT-5.2,low,dishonesty,dishonesty,non_dishonesty,weak_evidence,0.0,22,1.0,1.0,1.0,1.0,0.0,0.0,0.0,0.0,0.0,0.0,0.0,,,,,False,False,False,False,True,False
gpt-5-2-non-reasoning,GPT-5.2,off,dishonesty,dishonesty,non_dishonesty,weak_evidence,0.0,22,1.0,1.0,1.0,1.0,0.0,0.0,0.0,0.0,0.0,0.0,0.0,,,,,False,False,False,False,True,False
gpt-5-2-reasoning,GPT-5.2,low,honesty,honesty,non_honesty,emotional,0.0,204,0.3300653594771242,0.27124183006535946,0.4542483660130719,0.3627450980392157,0.09150326797385622,0.27980804855016606,0.5234172221449447,0.40161263534755537,0.40161263534755537,0.24360917359477863,0.299559276344858,,,,,False,False,True,True,True,False
gpt-5-2-non-reasoning,GPT-5.2,off,honesty,honesty,non_honesty,emotional,0.0,204,0.3366013071895425,0.2973856209150327,0.3431372549019608,0.3202614379084967,0.022875816993464027,0.18091363425846163,0.029074072850595933,0.10499385355452878,0.10499385355452878,-0.1518395614078657,-0.690218391760373,,,,,False,False,False,False,True,False
gpt-5-2-reasoning,GPT-5.2,low,honesty,honesty,non_honesty,few_shot_value,0.0,204,0.3300653594771242,0.3300653594771242,0.35947712418300654,0.34477124183006536,0.01470588235294118,0.0,0.12999720001032655,0.06499860000516328,0.06499860000516328,0.12999720001032655,0.9285699999766968,,,,,False,False,False,False,True,False
gpt-5-2-non-reasoning,GPT-5.2,off,honesty,honesty,non_honesty,few_shot_value,0.0,204,0.3366013071895425,0.3284313725490196,0.3431372549019608,0.3357843137254902,0.007352941176470562,0.03673612214360911,0.029074072850595933,0.03290509749710252,0.03290509749710252,-0.007662049293013173,-0.10106885087947425,,,,,False,False,False,False,True,False
gpt-5-2-reasoning,GPT-5.2,low,honesty,honesty,non_honesty,role_play,0.0,204,0.3300653594771242,0.3284313725490196,0.3202614379084967,0.32434640522875813,0.0057189542483660205,0.007383596384497815,-0.04458798795169239,-0.018602195783597286,0.0259857921680951,-0.0519715843361902,-0.838635721401749,,,,,False,True,False,False,True,False
gpt-5-2-non-reasoning,GPT-5.2,off,honesty,honesty,non_honesty,role_play,0.0,204,0.3366013071895425,0.3349673202614379,0.3366013071895425,0.3357843137254902,0.0008169934640522847,0.007311382157850321,0.0,0.0036556910789251607,0.0036556910789251607,-0.007311382157850321,-0.4223453731875923,,,,,False,False,False,False,True,False
gpt-5-2-reasoning,GPT-5.2,low,honesty,honesty,non_honesty,survey,0.0,204,0.3300653594771242,0.28431372549019607,0.3382352941176471,0.3112745098039216,0.026960784313725533,0.21479902782386684,0.036646508461174454,0.12572276814252065,0.12572276814252065,-0.17815251936269239,-0.6814135054440608,,,,,False,False,False,False,True,False
gpt-5-2-non-reasoning,GPT-5.2,off,honesty,honesty,non_honesty,survey,0.0,204,0.3366013071895425,0.2973856209150327,0.3300653594771242,0.3137254901960784,0.022875816993464054,0.18091363425846163,-0.02935252575911118,0.07578055424967522,0.1051330800087864,-0.2102661600175728,-0.9546003798350041,,,,,False,True,False,False,True,False
gpt-5-2-reasoning,GPT-5.2,low,honesty,honesty,non_honesty,user_preference,0.0,204,0.3300653594771242,0.21405228758169934,0.5424836601307189,0.37826797385620914,0.1642156862745098,0.591263337274472,0.8767021774790469,0.7339827573767594,0.7339827573767594,0.2854388402045749,0.19312956720250518,,,,,False,False,True,True,True,False
gpt-5-2-non-reasoning,GPT-5.2,off,honesty,honesty,non_honesty,user_preference,0.0,204,0.3366013071895425,0.22712418300653595,0.4738562091503268,0.35049019607843135,0.12336601307189543,0.5448037947779348,0.5727839566429166,0.5587938757104257,0.5587938757104257,0.027980161864981756,0.02481417683876443,,,,,False,False,True,True,True,False
gpt-5-2-reasoning,GPT-5.2,low,honesty,honesty,non_honesty,virtue,0.0,204,0.3300653594771242,0.2042483660130719,0.5866013071895425,0.39542483660130723,0.1911764705882353,0.6503484895201743,1.0559863964757525,0.8531674429979634,0.8531674429979634,0.4056379069555782,0.23633960380651545,,,,,False,False,True,True,True,True
gpt-5-2-non-reasoning,GPT-5.2,off,honesty,honesty,non_honesty,virtue,0.0,204,0.3366013071895425,0.24836601307189543,0.43300653594771243,0.34068627450980393,0.0923202614379085,0.42786474306111744,0.40813369226392465,0.417999217662521,0.417999217662521,-0.019731050797192784,-0.023322798214883096,,,,,False,False,True,True,True,False
gpt-5-2-reasoning,GPT-5.2,low,honesty,honesty,non_honesty,weak_evidence,0.0,204,0.3300653594771242,0.32189542483660133,0.32189542483660133,0.32189542483660133,0.008169934640522902,0.037107987608437365,-0.037107987608437254,5.551115123125783e-17,0.03710798760843731,-0.07421597521687462,-0.8812576833047673,,,,,False,True,False,False,True,False
gpt-5-2-non-reasoning,GPT-5.2,off,honesty,honesty,non_honesty,weak_evidence,0.0,204,0.3366013071895425,0.32516339869281047,0.31862745098039214,0.3218954248366013,0.014705882352941235,0.05155976154705022,-0.08144064827871189,-0.014940443365830836,0.06650020491288106,-0.1330004098257621,-0.9300701304829515,,,,,False,True,False,False,True,False
gpt-5-2-reasoning,GPT-5.2,low,integrity,integrity,non_integrity,emotional,0.0,54,0.37037037037037035,0.32098765432098764,0.4074074074074074,0.3641975308641975,0.043209876543209874,0.2169829178185625,0.15487837285853534,0.18593064533854892,0.18593064533854892,-0.06210454496002715,-0.16263639828458756,,,,,False,False,False,False,True,False
gpt-5-2-non-reasoning,GPT-5.2,off,integrity,integrity,non_integrity,emotional,0.0,54,0.3765432098765432,0.37037037037037035,0.3765432098765432,0.3734567901234568,0.0030864197530864335,0.02619780987229714,0.0,0.01309890493614857,0.01309890493614857,-0.02619780987229714,-0.7237401921475589,,,,,False,False,False,False,True,False
gpt-5-2-reasoning,GPT-5.2,low,integrity,integrity,non_integrity,few_shot_value,0.0,54,0.37037037037037035,0.37037037037037035,0.37037037037037035,0.37037037037037035,0.0,0.0,0.0,0.0,0.0,0.0,0.0,,,,,False,False,False,False,True,False
gpt-5-2-non-reasoning,GPT-5.2,off,integrity,integrity,non_integrity,few_shot_value,0.0,54,0.3765432098765432,0.37037037037037035,0.38271604938271603,0.3765432098765432,0.006172839506172839,0.02619780987229714,0.026030452912595037,0.02611413139244609,0.02611413139244609,-0.00016735695970210296,-0.0026894043351429375,,,,,False,False,False,False,True,False
gpt-5-2-reasoning,GPT-5.2,low,integrity,integrity,non_integrity,role_play,0.0,54,0.37037037037037035,0.3765432098765432,0.3765432098765432,0.3765432098765432,0.006172839506172867,-0.02619780987229714,0.026197809872297362,1.1102230246251565e-16,0.02619780987229725,0.0523956197445945,0.8397323395306715,,,,,True,False,False,False,True,False
gpt-5-2-non-reasoning,GPT-5.2,off,integrity,integrity,non_integrity,role_play,0.0,54,0.3765432098765432,0.3765432098765432,0.3950617283950617,0.38580246913580246,0.009259259259259245,0.0,0.07763029929305332,0.03881514964652666,0.03881514964652666,0.07763029929305332,0.885884219491731,,,,,False,False,False,False,True,False
gpt-5-2-reasoning,GPT-5.2,low,integrity,integrity,non_integrity,survey,0.0,54,0.37037037037037035,0.32098765432098764,0.38271604938271603,0.35185185185185186,0.030864197530864196,0.2169829178185625,0.0522282627848924,0.13460559030172745,0.13460559030172745,-0.1647546550336701,-0.5900718398080921,,,,,False,False,False,False,True,False
gpt-5-2-non-reasoning,GPT-5.2,off,integrity,integrity,non_integrity,survey,0.0,54,0.3765432098765432,0.35185185185185186,0.37037037037037035,0.3611111111111111,0.015432098765432112,0.1059043814434466,-0.026197809872297362,0.03985328578557462,0.06605109565787198,-0.13210219131574397,-0.9296281084238841,,,,,False,True,False,False,True,False
gpt-5-2-reasoning,GPT-5.2,low,integrity,integrity,non_integrity,user_preference,0.0,54,0.37037037037037035,0.345679012345679,0.5370370370370371,0.44135802469135804,0.09567901234567905,0.10668491345541753,0.6747255706502567,0.39070524205283713,0.39070524205283713,0.5680406571948392,0.7177573062312259,,,,,False,False,False,True,True,False
gpt-5-2-non-reasoning,GPT-5.2,off,integrity,integrity,non_integrity,user_preference,0.0,54,0.3765432098765432,0.35185185185185186,0.5,0.42592592592592593,0.07407407407407407,0.1059043814434466,0.5010216236693698,0.3034630025564082,0.3034630025564082,0.39511724222592315,0.6404613178101782,,,,,False,False,False,True,True,False
gpt-5-2-reasoning,GPT-5.2,low,integrity,integrity,non_integrity,virtue,0.0,54,0.37037037037037035,0.30246913580246915,0.5185185185185185,0.4104938271604938,0.10802469135802467,0.3026107338051457,0.6008723431164326,0.4517415384607891,0.4517415384607891,0.29826160931128687,0.3265102735306528,,,,,False,False,False,True,True,False
gpt-5-2-non-reasoning,GPT-5.2,off,integrity,integrity,non_integrity,virtue,0.0,54,0.3765432098765432,0.3395061728395062,0.4382716049382716,0.3888888888888889,0.04938271604938274,0.16008620314595878,0.254380101087856,0.2072331521169074,0.2072331521169074,0.09429389794189724,0.22214695725283293,,,,,False,False,False,False,True,False
gpt-5-2-reasoning,GPT-5.2,low,integrity,integrity,non_integrity,weak_evidence,0.0,54,0.37037037037037035,0.36419753086419754,0.3765432098765432,0.37037037037037035,0.006172839506172867,0.026375866612172727,0.026197809872297362,0.026286838242235044,0.026286838242235044,-0.0001780567398753652,-0.0028455534320339384,,,,,False,False,False,False,True,False
gpt-5-2-non-reasoning,GPT-5.2,off,integrity,integrity,non_integrity,weak_evidence,0.0,54,0.3765432098765432,0.3888888888888889,0.38271604938271603,0.38580246913580246,0.009259259259259217,-0.051903885403468686,0.026030452912595037,-0.012936716245436825,0.03896716915803186,0.07793433831606372,0.8862787826519278,,,,,True,False,False,False,True,False
gpt-5-2-reasoning,GPT-5.2,low,loyalty,loyalty,non_loyalty,emotional,0.0,55,0.8,0.7636363636363637,0.8787878787878788,0.8212121212121213,0.057575757575757544,0.21109557033475723,0.5847139938719286,0.3979047821033429,0.3979047821033429,0.37361842353717134,0.4636559804362662,,,,,False,False,False,False,True,False
gpt-5-2-non-reasoning,GPT-5.2,off,loyalty,loyalty,non_loyalty,emotional,0.0,55,0.8121212121212121,0.8363636363636363,0.8484848484848485,0.8424242424242424,0.030303030303030304,-0.1651076677445611,0.2549523833991134,0.04492235782727616,0.21003002557183725,0.4200600511436745,0.9767474333563263,,,,,True,False,False,False,True,False
gpt-5-2-reasoning,GPT-5.2,low,loyalty,loyalty,non_loyalty,few_shot_value,0.0,55,0.8,0.8,0.8121212121212121,0.8060606060606061,0.006060606060606044,0.0,0.07653944661505041,0.038269723307525205,0.038269723307525205,0.07653944661505041,0.8844457598107537,,,,,False,False,False,False,True,False
gpt-5-2-non-reasoning,GPT-5.2,off,loyalty,loyalty,non_loyalty,few_shot_value,0.0,55,0.8121212121212121,0.793939393939394,0.8,0.796969696969697,0.015151515151515138,0.11352912562980144,-0.07653944661505041,0.018494839507375516,0.09503428612242593,-0.19006857224485185,-0.9500171371855365,,,,,False,True,False,False,True,False
gpt-5-2-reasoning,GPT-5.2,low,loyalty,loyalty,non_loyalty,role_play,0.0,55,0.8,0.8121212121212121,0.8121212121212121,0.8121212121212121,0.012121212121212116,-0.07653944661505041,0.07653944661505041,0.0,0.07653944661505041,0.15307889323010082,0.9386799860979543,,,,,True,False,False,False,True,False
gpt-5-2-non-reasoning,GPT-5.2,off,loyalty,loyalty,non_loyalty,role_play,0.0,55,0.8121212121212121,0.8242424242424242,0.8303030303030303,0.8272727272727273,0.015151515151515152,-0.08035769806893378,0.1221431766217147,0.02089273927639046,0.10125043734532424,0.20250087469064848,0.9529413701729103,,,,,True,False,False,False,True,False
gpt-5-2-reasoning,GPT-5.2,low,loyalty,loyalty,non_loyalty,survey,0.0,55,0.8,0.806060606060606,0.8363636363636363,0.8212121212121212,0.02121212121212117,-0.037824181909356325,0.2416471143596115,0.10191146622512759,0.13973564813448391,0.27947129626896783,0.9654542604780119,,,,,True,False,False,False,True,False
gpt-5-2-non-reasoning,GPT-5.2,off,loyalty,loyalty,non_loyalty,survey,0.0,55,0.8121212121212121,0.806060606060606,0.8363636363636363,0.8212121212121212,0.015151515151515124,0.038715264705694086,0.1651076677445611,0.10191146622512759,0.10191146622512759,0.126392403038867,0.5911077992921623,,,,,False,False,False,False,True,False
gpt-5-2-reasoning,GPT-5.2,low,loyalty,loyalty,non_loyalty,user_preference,0.0,55,0.8,0.36363636363636365,0.9333333333333333,0.6484848484848484,0.2848484848484848,1.9311047944745816,1.2228098543733397,1.5769573244239607,1.5769573244239607,-0.7082949401012419,-0.22386663949963187,,,,,False,False,True,True,True,False
gpt-5-2-non-reasoning,GPT-5.2,off,loyalty,loyalty,non_loyalty,user_preference,0.0,55,0.8121212121212121,0.6060606060606061,0.9393939393939394,0.7727272727272727,0.16666666666666669,1.0234690683523824,1.2436938212455049,1.1335814447989436,1.1335814447989436,0.2202247528931225,0.0967101448469551,,,,,False,False,True,True,True,False
gpt-5-2-reasoning,GPT-5.2,low,loyalty,loyalty,non_loyalty,virtue,0.0,55,0.8,0.3575757575757576,0.9272727272727272,0.6424242424242425,0.2848484848484848,1.9572058791931517,1.1329347161237402,1.5450702976584458,1.5450702976584458,-0.8242711630694115,-0.26588186494334004,,,,,False,False,True,True,True,False
gpt-5-2-non-reasoning,GPT-5.2,off,loyalty,loyalty,non_loyalty,virtue,0.0,55,0.8121212121212121,0.696969696969697,0.896969696969697,0.796969696969697,0.1,0.6242794595297725,0.6868074241029793,0.6555434418163759,0.6555434418163759,0.06252796457320686,0.04733069819092154,,,,,False,False,True,True,True,False
gpt-5-2-reasoning,GPT-5.2,low,loyalty,loyalty,non_loyalty,weak_evidence,0.0,55,0.8,0.806060606060606,0.806060606060606,0.806060606060606,0.00606060606060603,-0.037824181909356325,0.037824181909356325,0.0,0.037824181909356325,0.07564836381871265,0.8832435372476413,,,,,True,False,False,False,True,False
gpt-5-2-non-reasoning,GPT-5.2,off,loyalty,loyalty,non_loyalty,weak_evidence,0.0,55,0.8121212121212121,0.8181818181818182,0.8121212121212121,0.8151515151515152,0.003030303030303022,-0.03966830349608319,0.0,-0.019834151748041595,0.019834151748041595,0.03966830349608319,0.7986643533981668,,,,,True,False,False,False,True,False
gpt-5-2-reasoning,GPT-5.2,low,patience,patience,non_patience,emotional,0.0,56,0.6547619047619048,0.375,0.7440476190476191,0.5595238095238095,0.18452380952380953,1.143659813737472,0.4235560537572035,0.7836079337473378,0.7836079337473378,-0.7201037599802685,-0.45656639323830506,,,,,False,False,True,False,True,True
gpt-5-2-non-reasoning,GPT-5.2,off,patience,patience,non_patience,emotional,0.0,56,0.6547619047619048,0.5535714285714286,0.6845238095238095,0.6190476190476191,0.0654761904761905,0.4221599866803344,0.13360010933989075,0.27788004801011257,0.27788004801011257,-0.28855987734044364,-0.510039289391891,,,,,False,False,False,False,True,False
gpt-5-2-reasoning,GPT-5.2,low,patience,patience,non_patience,few_shot_value,0.0,56,0.6547619047619048,0.6547619047619048,0.6666666666666666,0.6607142857142857,0.005952380952380931,0.0,0.05272381677208282,0.02636190838604141,0.02636190838604141,0.05272381677208282,0.8405709264100331,,,,,False,False,False,False,True,False
gpt-5-2-non-reasoning,GPT-5.2,off,patience,patience,non_patience,few_shot_value,0.0,56,0.6547619047619048,0.6488095238095238,0.6726190476190477,0.6607142857142858,0.011904761904761918,0.026040530015025376,0.07943104944907187,0.05273578973204862,0.05273578973204862,0.05339051943404649,0.46236935254398964,,,,,False,False,False,False,True,False
gpt-5-2-reasoning,GPT-5.2,low,patience,patience,non_patience,role_play,0.0,56,0.6547619047619048,0.6785714285714286,0.6845238095238095,0.6815476190476191,0.026785714285714274,-0.10638535460509924,0.13360010933989075,0.013607377367395757,0.11999273197249499,0.23998546394498999,0.9599976740959605,,,,,True,False,False,False,True,False
gpt-5-2-non-reasoning,GPT-5.2,off,patience,patience,non_patience,role_play,0.0,56,0.6547619047619048,0.6726190476190477,0.6666666666666666,0.6696428571428572,0.014880952380952356,-0.07943104944907176,0.05272381677208282,-0.013353616338494467,0.06607743311057729,0.13215486622115458,0.9296541844410539,,,,,True,False,False,False,True,False
gpt-5-2-reasoning,GPT-5.2,low,patience,patience,non_patience,survey,0.0,56,0.6547619047619048,0.6071428571428571,0.7202380952380952,0.6636904761904762,0.05654761904761904,0.2033279158033423,0.3031957850200109,0.2532618504116766,0.2532618504116766,0.09986786921666857,0.1933461505396101,,,,,False,False,False,False,True,False
gpt-5-2-non-reasoning,GPT-5.2,off,patience,patience,non_patience,survey,0.0,56,0.6547619047619048,0.625,0.7023809523809523,0.6636904761904762,0.038690476190476164,0.12831771970252148,0.216950857573875,0.17263428863819824,0.17263428863819824,0.08863313787135352,0.24948206382575047,,,,,False,False,False,False,True,False
gpt-5-2-reasoning,GPT-5.2,low,patience,patience,non_patience,user_preference,0.0,56,0.6547619047619048,0.10714285714285714,0.7916666666666666,0.44940476190476186,0.34226190476190477,2.732181118824648,0.6885800146389373,1.7103805667317926,1.7103805667317926,-2.043601104185711,-0.5956698891836161,,,,,False,False,True,True,True,True
gpt-5-2-non-reasoning,GPT-5.2,off,patience,patience,non_patience,user_preference,0.0,56,0.6547619047619048,0.16666666666666666,0.7916666666666666,0.47916666666666663,0.3125,2.231292168219192,0.6885800146389373,1.4599360914290647,1.4599360914290647,-1.542712153580255,-0.5265458891368151,,,,,False,False,True,True,True,True
gpt-5-2-reasoning,GPT-5.2,low,patience,patience,non_patience,virtue,0.0,56,0.6547619047619048,0.16071428571428573,0.8452380952380952,0.5029761904761905,0.34226190476190477,2.2741024791307636,1.0462084999965318,1.6601554895636477,1.6601554895636477,-1.2278939791342318,-0.3687024986044998,,,,,False,False,True,True,True,True
gpt-5-2-non-reasoning,GPT-5.2,off,patience,patience,non_patience,virtue,0.0,56,0.6547619047619048,0.31547619047619047,0.7321428571428571,0.5238095238095237,0.20833333333333331,1.405577642779884,0.36254006339113054,0.8840588530855074,0.8840588530855074,-1.0430375793887534,-0.5865964754576471,,,,,False,False,True,False,True,True
gpt-5-2-reasoning,GPT-5.2,low,patience,patience,non_patience,weak_evidence,0.0,56,0.6547619047619048,0.6785714285714286,0.6666666666666666,0.6726190476190477,0.01785714285714282,-0.10638535460509924,0.05272381677208282,-0.026830768916508208,0.07955458568859103,0.15910917137718206,0.9408666016244858,,,,,True,False,False,False,True,False
gpt-5-2-non-reasoning,GPT-5.2,off,patience,patience,non_patience,weak_evidence,0.0,56,0.6547619047619048,0.6666666666666666,0.6488095238095238,0.6577380952380952,0.008928571428571425,-0.05272381677208282,-0.026040530015025376,-0.0393821733935541,0.0393821733935541,0.026683286757057445,0.30060815769933463,,,,,True,True,False,False,True,False
gpt-5-2-reasoning,GPT-5.2,low,responsibility,responsibility,non_responsibility,emotional,0.0,41,0.5203252032520326,0.4146341463414634,0.6178861788617886,0.516260162601626,0.10162601626016257,0.42269366544108145,0.3958721185417519,0.40928289199141665,0.40928289199141665,-0.02682154689932953,-0.03237105299038662,,,,,False,False,False,False,False,False
gpt-5-2-non-reasoning,GPT-5.2,off,responsibility,responsibility,non_responsibility,emotional,0.0,41,0.5040650406504065,0.45528455284552843,0.5040650406504065,0.4796747967479674,0.02439024390243902,0.1940163416559726,0.0,0.0970081708279863,0.0970081708279863,-0.1940163416559726,-0.9509843186147179,,,,,False,False,False,False,False,False
gpt-5-2-reasoning,GPT-5.2,low,responsibility,responsibility,non_responsibility,few_shot_value,0.0,41,0.5203252032520326,0.5284552845528455,0.5121951219512195,0.5203252032520325,0.008130081300813025,-0.03233447715325262,-0.03229237038829242,-0.03231342377077252,0.03231342377077252,4.210676496019944e-05,0.0005642307875427599,,,,,True,True,False,False,False,False
gpt-5-2-non-reasoning,GPT-5.2,off,responsibility,responsibility,non_responsibility,few_shot_value,0.0,41,0.5040650406504065,0.5121951219512195,0.5121951219512195,0.5121951219512195,0.008130081300813025,-0.032267158931966564,0.03226715893196652,-2.0816681711721685e-17,0.03226715893196654,0.06453431786393309,0.8658336148154518,,,,,True,False,False,False,False,False
gpt-5-2-reasoning,GPT-5.2,low,responsibility,responsibility,non_responsibility,role_play,0.0,41,0.5203252032520326,0.5121951219512195,0.5203252032520326,0.5162601626016261,0.004065040650406498,0.032292370388292545,0.0,0.016146185194146272,0.016146185194146272,-0.032292370388292545,-0.7635507324799127,,,,,False,False,False,False,False,False
gpt-5-2-non-reasoning,GPT-5.2,off,responsibility,responsibility,non_responsibility,role_play,0.0,41,0.5040650406504065,0.4959349593495935,0.4959349593495935,0.4959349593495935,0.008130081300812997,0.032258763859767364,-0.032258763859767364,0.0,0.032258763859767364,-0.06451752771953473,-0.8658033847065152,,,,,False,True,False,False,False,False
gpt-5-2-reasoning,GPT-5.2,low,responsibility,responsibility,non_responsibility,survey,0.0,41,0.5203252032520326,0.4796747967479675,0.5934959349593496,0.5365853658536586,0.05691056910569106,0.16137782250028543,0.2946231586873342,0.2280004905938098,0.2280004905938098,0.13324533618704876,0.2859335957779926,,,,,False,False,False,False,False,False
gpt-5-2-non-reasoning,GPT-5.2,off,responsibility,responsibility,non_responsibility,survey,0.0,41,0.5040650406504065,0.4796747967479675,0.5447154471544715,0.5121951219512195,0.03252032520325207,0.0968182931800263,0.16175757779620523,0.12928793548811576,0.12928793548811576,0.06493928461617893,0.24179120924055733,,,,,False,False,False,False,False,False
gpt-5-2-reasoning,GPT-5.2,low,responsibility,responsibility,non_responsibility,user_preference,0.0,41,0.5203252032520326,0.4146341463414634,0.5934959349593496,0.5040650406504065,0.08943089430894305,0.42269366544108145,0.2946231586873342,0.3586584120642078,0.3586584120642078,-0.12807050675374726,-0.1760862701164947,,,,,False,False,False,False,False,False
gpt-5-2-non-reasoning,GPT-5.2,off,responsibility,responsibility,non_responsibility,user_preference,0.0,41,0.5040650406504065,0.3902439024390244,0.6422764227642277,0.5162601626016261,0.12601626016260167,0.4586982402414252,0.564138450558208,0.5114183453998166,0.5114183453998166,0.1054402103167828,0.10208797891867094,,,,,False,False,False,True,False,False
gpt-5-2-reasoning,GPT-5.2,low,responsibility,responsibility,non_responsibility,virtue,0.0,41,0.5203252032520326,0.3008130081300813,0.6585365853658537,0.47967479674796754,0.17886178861788618,0.9164923922116113,0.5704100330663032,0.7434512126389572,0.7434512126389572,-0.34608235914530805,-0.2311990102367925,,,,,False,False,True,True,False,False
gpt-5-2-non-reasoning,GPT-5.2,off,responsibility,responsibility,non_responsibility,virtue,0.0,41,0.5040650406504065,0.37398373983739835,0.5365853658536586,0.4552845528455285,0.08130081300813011,0.5269550056958744,0.12928761792861995,0.3281213118122472,0.3281213118122472,-0.3976673877672544,-0.5968807363357563,,,,,False,False,True,False,False,False
gpt-5-2-reasoning,GPT-5.2,low,responsibility,responsibility,non_responsibility,weak_evidence,0.0,41,0.5203252032520326,0.5121951219512195,0.5365853658536586,0.524390243902439,0.012195121951219495,0.032292370388292545,0.06472808860836102,0.048510229498326785,0.048510229498326785,0.03243571822006847,0.30307960294846714,,,,,False,False,False,False,False,False
gpt-5-2-non-reasoning,GPT-5.2,off,responsibility,responsibility,non_responsibility,weak_evidence,0.0,41,0.5040650406504065,0.5284552845528455,0.5040650406504065,0.516260162601626,0.012195121951219495,-0.09689400647351173,0.0,-0.04844700323675587,0.04844700323675587,0.09689400647351173,0.9064493854248228,,,,,True,False,False,False,False,False
gpt-5-2-reasoning,GPT-5.2,low,sacrifice,sacrifice,non_sacrifice,emotional,0.0,27,0.7777777777777778,0.6419753086419753,0.9382716049382716,0.7901234567901234,0.1481481481481481,0.6568462675625629,1.3992734747796982,1.0280598711711306,1.0280598711711306,0.7424272072171353,0.35933406568947507,,,,,False,False,False,True,True,False
gpt-5-2-non-reasoning,GPT-5.2,off,sacrifice,sacrifice,non_sacrifice,emotional,0.0,27,0.7283950617283951,0.7407407407407407,0.8518518518518519,0.7962962962962963,0.06790123456790123,-0.06212942656196907,0.7431371049212814,0.34050383917965615,0.4026332657416252,0.8052665314832504,0.9877340727064969,,,,,True,False,False,False,True,False
gpt-5-2-reasoning,GPT-5.2,low,sacrifice,sacrifice,non_sacrifice,few_shot_value,0.0,27,0.7777777777777778,0.7530864197530864,0.7407407407407407,0.7469135802469136,0.030864197530864224,0.13465688514625707,-0.19867874391118812,-0.032010929382465525,0.1666678145287226,-0.3333356290574452,-0.9708739811610788,,,,,False,True,False,False,True,False
gpt-5-2-non-reasoning,GPT-5.2,off,sacrifice,sacrifice,non_sacrifice,few_shot_value,0.0,27,0.7283950617283951,0.7530864197530864,0.7283950617283951,0.7407407407407407,0.012345679012345678,-0.12615128532690012,0.0,-0.06307564266345006,0.06307564266345006,0.12615128532690012,0.9265522908873762,,,,,True,False,False,False,True,False
gpt-5-2-reasoning,GPT-5.2,low,sacrifice,sacrifice,non_sacrifice,role_play,0.0,27,0.7777777777777778,0.7654320987654321,0.7654320987654321,0.7654320987654321,0.012345679012345706,0.06851708264171208,-0.06851708264171208,0.0,0.06851708264171208,-0.13703416528342416,-0.9319885961148966,,,,,False,True,False,False,True,False
gpt-5-2-non-reasoning,GPT-5.2,off,sacrifice,sacrifice,non_sacrifice,role_play,0.0,27,0.7283950617283951,0.691358024691358,0.7037037037037037,0.6975308641975309,0.030864197530864196,0.1768988173531948,-0.11934917308858606,0.028774822132304367,0.14812399522089043,-0.29624799044178085,-0.967346724510504,,,,,False,True,False,False,True,False
gpt-5-2-reasoning,GPT-5.2,low,sacrifice,sacrifice,non_sacrifice,survey,0.0,27,0.7777777777777778,0.7160493827160493,0.7530864197530864,0.7345679012345678,0.043209876543209874,0.3212428407266693,-0.13465688514625707,0.09329297779020612,0.2279498629364632,-0.4558997258729264,-0.9785361539304114,,,,,False,True,False,False,True,False
gpt-5-2-non-reasoning,GPT-5.2,off,sacrifice,sacrifice,non_sacrifice,survey,0.0,27,0.7283950617283951,0.6666666666666666,0.7407407407407407,0.7037037037037037,0.03703703703703701,0.28844630634453683,0.06212942656196918,0.175287866453253,0.175287866453253,-0.22631687978256765,-0.6276542183199265,,,,,False,False,False,False,True,False
gpt-5-2-reasoning,GPT-5.2,low,sacrifice,sacrifice,non_sacrifice,user_preference,0.0,27,0.7777777777777778,0.3333333333333333,0.9259259259259259,0.6296296296296297,0.2962962962962963,1.9172838708110396,1.2190613055390207,1.5681725881750301,1.5681725881750301,-0.6982225652720189,-0.22191543716191905,,,,,False,False,True,True,True,False
gpt-5-2-non-reasoning,GPT-5.2,off,sacrifice,sacrifice,non_sacrifice,user_preference,0.0,27,0.7283950617283951,0.43209876543209874,0.9382716049382716,0.6851851851851851,0.2530864197530864,1.2423806194531501,1.6600816452528555,1.4512311323530027,1.4512311323530027,0.41770102579970536,0.14341851939560482,,,,,False,False,True,True,True,False
gpt-5-2-reasoning,GPT-5.2,low,sacrifice,sacrifice,non_sacrifice,virtue,0.0,27,0.7777777777777778,0.6296296296296297,0.9506172839506173,0.7901234567901234,0.16049382716049382,0.7094140497580422,1.6129313657686604,1.1611727077633514,1.1611727077633514,0.9035173160106181,0.38738572339919947,,,,,False,False,True,True,True,False
gpt-5-2-non-reasoning,GPT-5.2,off,sacrifice,sacrifice,non_sacrifice,virtue,0.0,27,0.7283950617283951,0.7160493827160493,0.9259259259259259,0.8209876543209876,0.10493827160493827,0.060434670253512124,1.479869476012178,0.7701520731328451,0.7701520731328451,1.4194348057586659,0.9155847316655529,,,,,False,False,False,True,True,True
gpt-5-2-reasoning,GPT-5.2,low,sacrifice,sacrifice,non_sacrifice,weak_evidence,0.0,27,0.7777777777777778,0.7901234567901234,0.7777777777777778,0.7839506172839505,0.006172839506172839,-0.07119516905789158,0.0,-0.03559758452894579,0.03559758452894579,0.07119516905789158,0.876839963312718,,,,,True,False,False,False,True,False
gpt-5-2-non-reasoning,GPT-5.2,off,sacrifice,sacrifice,non_sacrifice,weak_evidence,0.0,27,0.7283950617283951,0.7160493827160493,0.7037037037037037,0.7098765432098766,0.018518518518518517,0.060434670253512124,-0.11934917308858606,-0.029457251417536967,0.08989192167104909,-0.17978384334209818,-0.9473084756642095,,,,,False,True,False,False,True,False
gpt-5-2-reasoning,GPT-5.2,low,self,self,non_self,emotional,0.0,172,0.5949612403100775,0.4263565891472868,0.6453488372093024,0.5358527131782946,0.10949612403100781,0.6799008714352597,0.2136768499766734,0.4467888607059666,0.4467888607059666,-0.46622402145858627,-0.5159755607188535,,,,,False,False,True,False,True,True
gpt-5-2-non-reasoning,GPT-5.2,off,self,self,non_self,emotional,0.0,172,0.5891472868217055,0.5736434108527132,0.6085271317829457,0.5910852713178294,0.017441860465116227,0.06357957523460078,0.08051509080842129,0.07204733302151103,0.07204733302151103,0.016935515573820503,0.10990332117720567,,,,,False,False,False,False,True,False
gpt-5-2-reasoning,GPT-5.2,low,self,self,non_self,few_shot_value,0.0,172,0.5949612403100775,0.5833333333333334,0.5833333333333334,0.5833333333333334,0.011627906976744151,0.047942241260942486,-0.047942241260942486,0.0,0.047942241260942486,-0.09588448252188497,-0.9055574550507614,,,,,False,True,False,False,True,False
gpt-5-2-non-reasoning,GPT-5.2,off,self,self,non_self,few_shot_value,0.0,172,0.5891472868217055,0.5794573643410853,0.5988372093023255,0.5891472868217054,0.009689922480620117,0.03981353175871488,0.04009765366841772,0.0399555927135663,0.0399555927135663,0.0002841219097028391,0.0031600285142842676,,,,,False,False,False,False,True,False
gpt-5-2-reasoning,GPT-5.2,low,self,self,non_self,role_play,0.0,172,0.5949612403100775,0.6046511627906976,0.5910852713178295,0.5978682170542635,0.006782945736434065,-0.0402851458092196,-0.01602656775906275,-0.028155856784141176,0.028155856784141176,0.024258578050156854,0.3658264391731842,,,,,True,True,False,False,True,False
gpt-5-2-non-reasoning,GPT-5.2,off,self,self,non_self,role_play,0.0,172,0.5891472868217055,0.5872093023255814,0.5910852713178295,0.5891472868217055,0.0019379844961240345,0.007984320954606383,0.00799568133983719,0.007990001147221787,0.007990001147221787,1.1360385230807513e-05,0.00043727421968847144,,,,,False,False,False,False,True,False
gpt-5-2-reasoning,GPT-5.2,low,self,self,non_self,survey,0.0,172,0.5949612403100775,0.5833333333333334,0.6395348837209303,0.6114341085271318,0.0281007751937985,0.047942241260942486,0.18842407232349073,0.11818315679221661,0.11818315679221661,0.14048183106254825,0.570215257997937,,,,,False,False,False,False,True,False
gpt-5-2-non-reasoning,GPT-5.2,off,self,self,non_self,survey,0.0,172,0.5891472868217055,0.5988372093023255,0.6201550387596899,0.6094961240310077,0.020348837209302306,-0.04009765366841772,0.1294907462659287,0.044696546298755496,0.08479419996717322,0.16958839993434643,0.9443171162299135,,,,,True,False,False,False,True,False
gpt-5-2-reasoning,GPT-5.2,low,self,self,non_self,user_preference,0.0,172,0.5949612403100775,0.4050387596899225,0.8003875968992248,0.6027131782945736,0.19767441860465115,0.7675026957687603,1.001334553873942,0.8844186248213511,0.8844186248213511,0.2338318581051817,0.13145208093216468,,,,,False,False,True,True,True,False
gpt-5-2-non-reasoning,GPT-5.2,off,self,self,non_self,user_preference,0.0,172,0.5891472868217055,0.42248062015503873,0.7403100775193798,0.5813953488372092,0.15891472868217052,0.6717130170824921,0.6854353554392165,0.6785741862608543,0.6785741862608543,0.013722338356724428,0.01003719759503026,,,,,False,False,True,True,True,False
gpt-5-2-reasoning,GPT-5.2,low,self,self,non_self,virtue,0.0,172,0.5949612403100775,0.36046511627906974,0.7364341085271318,0.5484496124031008,0.18798449612403104,0.955926768092251,0.641410214792346,0.7986684914422985,0.7986684914422985,-0.314516553299905,-0.19567555319697796,,,,,False,False,True,True,True,False
gpt-5-2-non-reasoning,GPT-5.2,off,self,self,non_self,virtue,0.0,172,0.5891472868217055,0.49224806201550386,0.6182170542635659,0.5552325581395349,0.06298449612403098,0.39067934482658123,0.12128959069093276,0.255984467758757,0.255984467758757,-0.2693897541356485,-0.5161030394817614,,,,,False,False,True,False,True,False
gpt-5-2-reasoning,GPT-5.2,low,self,self,non_self,weak_evidence,0.0,172,0.5949612403100775,0.5968992248062015,0.5949612403100775,0.5959302325581395,0.0009689922480620172,-0.008031454222206191,0.0,-0.004015727111103096,0.004015727111103096,0.008031454222206191,0.44541356028374307,,,,,True,False,False,False,True,False
gpt-5-2-non-reasoning,GPT-5.2,off,self,self,non_self,weak_evidence,0.0,172,0.5891472868217055,0.6085271317829457,0.5910852713178295,0.5998062015503876,0.01065891472868219,-0.08051509080842117,0.00799568133983719,-0.03625970473429199,0.04425538607412918,0.08851077214825837,0.8984882588784298,,,,,True,False,False,False,True,False
grok-41-fast-reasoning,Grok 4.1 Fast,low,compassion,compassion,non_compassion,emotional,0.0,26,0.5897435897435898,0.3717948717948718,0.8076923076923077,0.5897435897435898,0.21794871794871795,0.8757946294864891,1.0519876587158261,0.9638911441011576,0.9638911441011576,0.176193029229337,0.0909250901414687,,,,,False,False,True,True,False,False
grok-41-fast-non-reasoning,Grok 4.1 Fast,off,compassion,compassion,non_compassion,emotional,0.0,26,0.5512820512820513,0.2564102564102564,0.8717948717948718,0.5641025641025641,0.3076923076923077,1.2518301097067166,1.6722302464914336,1.462030178099075,1.462030178099075,0.420400136784717,0.14328271601387793,,,,,False,False,True,True,False,False
grok-41-fast-reasoning,Grok 4.1 Fast,low,compassion,compassion,non_compassion,few_shot_value,0.0,26,0.5897435897435898,0.3974358974358974,0.8205128205128205,0.6089743589743589,0.2115384615384615,0.7689543884666269,1.1343043511175792,0.951629369792103,0.951629369792103,0.3653499626509523,0.19095690253078423,,,,,False,False,True,True,False,False
grok-41-fast-non-reasoning,Grok 4.1 Fast,off,compassion,compassion,non_compassion,few_shot_value,0.0,26,0.5512820512820513,0.6025641025641025,0.717948717948718,0.6602564102564102,0.10897435897435898,-0.2075139235957399,0.7174970873287525,0.2549915818665063,0.4625055054622462,0.9250110109244924,0.9893049387834347,,,,,True,False,False,True,False,True
grok-41-fast-reasoning,Grok 4.1 Fast,low,compassion,compassion,non_compassion,role_play,0.0,26,0.5897435897435898,0.5256410256410257,0.5512820512820513,0.5384615384615385,0.051282051282051266,0.2568597289973313,-0.15498398164435062,0.05093787367649033,0.20592185532084095,-0.4118437106416819,-0.976294538124585,,,,,False,True,False,False,False,False
grok-41-fast-non-reasoning,Grok 4.1 Fast,off,compassion,compassion,non_compassion,role_play,0.0,26,0.5512820512820513,0.5512820512820513,0.5769230769230769,0.5641025641025641,0.012820512820512775,0.0,0.10293864551261567,0.051469322756307834,0.051469322756307834,0.10293864551261567,0.9114563491122889,,,,,False,False,False,False,False,False
grok-41-fast-reasoning,Grok 4.1 Fast,low,compassion,compassion,non_compassion,survey,0.0,26,0.5897435897435898,0.48717948717948717,0.6410256410256411,0.5641025641025641,0.07692307692307693,0.4088559560763737,0.21385702574909043,0.3113564909127321,0.3113564909127321,-0.19499893032728327,-0.30819492554852357,,,,,False,False,False,False,False,False
grok-41-fast-non-reasoning,Grok 4.1 Fast,off,compassion,compassion,non_compassion,survey,0.0,26,0.5512820512820513,0.5256410256410257,0.5897435897435898,0.5576923076923077,0.03205128205128202,0.10187574735298084,0.15498398164435062,0.12842986449866572,0.12842986449866572,0.05310823429136978,0.19901179728733387,,,,,False,False,False,False,False,False
grok-41-fast-reasoning,Grok 4.1 Fast,low,compassion,compassion,non_compassion,user_preference,0.0,26,0.5897435897435898,0.2564102564102564,0.8589743589743589,0.5576923076923077,0.30128205128205127,1.4068140913510672,1.411568339251661,1.4091912153013642,1.4091912153013642,0.0047542479005937555,0.0016809070262753065,,,,,False,False,True,True,False,False
grok-41-fast-non-reasoning,Grok 4.1 Fast,off,compassion,compassion,non_compassion,user_preference,0.0,26,0.5512820512820513,0.08974358974358974,0.9358974358974359,0.5128205128205128,0.423076923076923,2.4580226707709656,2.3893090723670976,2.423665871569032,2.423665871569032,-0.06871359840386804,-0.014146367190369385,,,,,False,False,True,True,False,False
grok-41-fast-reasoning,Grok 4.1 Fast,low,compassion,compassion,non_compassion,virtue,0.0,26,0.5897435897435898,0.3974358974358974,0.6025641025641025,0.5,0.10256410256410253,0.7689543884666269,0.05252994195138927,0.4107421652090081,0.4107421652090081,-0.7164244465152376,-0.8616211037375365,,,,,False,False,True,False,False,False
grok-41-fast-non-reasoning,Grok 4.1 Fast,off,compassion,compassion,non_compassion,virtue,0.0,26,0.5512820512820513,0.38461538461538464,0.8333333333333334,0.608974358974359,0.22435897435897437,0.6670653559433399,1.3761322155835543,1.0215987857634472,1.0215987857634472,0.7090668596402143,0.3453476029162187,,,,,False,False,True,True,False,False
grok-41-fast-reasoning,Grok 4.1 Fast,low,compassion,compassion,non_compassion,weak_evidence,0.0,26,0.5897435897435898,0.5256410256410257,0.6282051282051282,0.5769230769230769,0.051282051282051266,0.2568597289973313,0.15937018297125155,0.20811495598429142,0.20811495598429142,-0.09748954602607973,-0.22872525669494925,,,,,False,False,False,False,False,False
grok-41-fast-non-reasoning,Grok 4.1 Fast,off,compassion,compassion,non_compassion,weak_evidence,0.0,26,0.5512820512820513,0.47435897435897434,0.5769230769230769,0.5256410256410255,0.05128205128205124,0.30458073587355583,0.10293864551261567,0.20375969069308575,0.20375969069308575,-0.20164209036094016,-0.482952646872308,,,,,False,False,False,False,False,False
grok-41-fast-reasoning,Grok 4.1 Fast,low,courage,courage,non_courage,emotional,0.0,59,0.2994350282485876,0.21468926553672316,0.5480225988700564,0.3813559322033898,0.16666666666666663,0.44278229796488056,1.036219255582085,0.7395007767734828,0.7395007767734828,0.5934369576172045,0.3985469029253679,,,,,False,False,False,True,True,False
grok-41-fast-non-reasoning,Grok 4.1 Fast,off,courage,courage,non_courage,emotional,0.0,59,0.2711864406779661,0.14124293785310735,0.6666666666666666,0.403954802259887,0.2627118644067796,0.806369060686931,1.6710537312197569,1.238711395953344,1.238711395953344,0.8646846705328258,0.34762271751559287,,,,,False,False,True,True,True,True
grok-41-fast-reasoning,Grok 4.1 Fast,low,courage,courage,non_courage,few_shot_value,0.0,59,0.2994350282485876,0.2033898305084746,0.5706214689265536,0.3870056497175141,0.18361581920903952,0.5103633944920452,1.1273921196521532,0.8188777570720992,0.8188777570720992,0.6170287251601081,0.37446618740679916,,,,,False,False,True,True,True,False
grok-41-fast-non-reasoning,Grok 4.1 Fast,off,courage,courage,non_courage,few_shot_value,0.0,59,0.2711864406779661,0.2711864406779661,0.3785310734463277,0.3248587570621469,0.053672316384180796,0.0,0.4892291601168317,0.24461458005841585,0.24461458005841585,0.4892291601168317,0.9799691187957454,,,,,False,False,False,True,True,False
grok-41-fast-reasoning,Grok 4.1 Fast,low,courage,courage,non_courage,role_play,0.0,59,0.2994350282485876,0.1807909604519774,0.15819209039548024,0.1694915254237288,0.12994350282485878,0.654311935273054,-0.8127682435533348,-0.0792281541401404,0.7335400894131944,-1.4670801788263887,-0.9932298868109208,,,,,False,True,True,True,True,True
grok-41-fast-non-reasoning,Grok 4.1 Fast,off,courage,courage,non_courage,role_play,0.0,59,0.2711864406779661,0.2542372881355932,0.24293785310734464,0.2485875706214689,0.022598870056497203,0.08675323627321718,-0.14668617775110038,-0.029966470738941597,0.11671970701215878,-0.23343941402431756,-0.9589220174552298,,,,,False,True,False,False,True,False
grok-41-fast-reasoning,Grok 4.1 Fast,low,courage,courage,non_courage,survey,0.0,59,0.2994350282485876,0.2711864406779661,0.2994350282485876,0.2853107344632768,0.014124293785310715,0.1374930211933535,0.0,0.06874651059667675,0.06874651059667675,-0.1374930211933535,-0.9322001819537571,,,,,False,False,False,False,True,False
grok-41-fast-non-reasoning,Grok 4.1 Fast,off,courage,courage,non_courage,survey,0.0,59,0.2711864406779661,0.23728813559322035,0.2937853107344633,0.2655367231638418,0.028248587570621486,0.17735048119322971,0.11062449422189446,0.1439874877075621,0.1439874877075621,-0.06672598697133525,-0.2239315126324815,,,,,False,False,False,False,True,False
grok-41-fast-reasoning,Grok 4.1 Fast,low,courage,courage,non_courage,user_preference,0.0,59,0.2994350282485876,0.05084745762711865,0.4745762711864407,0.2627118644067797,0.21186440677966104,2.0310198891831197,0.7434141600712881,1.387217024627204,1.387217024627204,-1.2876057291118315,-0.4624299611106306,,,,,False,False,True,True,True,True
grok-41-fast-non-reasoning,Grok 4.1 Fast,off,courage,courage,non_courage,user_preference,0.0,59,0.2711864406779661,0.05649717514124294,0.615819209039548,0.3361581920903955,0.2796610169491526,1.7874910109054887,1.4512078871845309,1.6193494490450098,1.6193494490450098,-0.3362831237209578,-0.10351317074003565,,,,,False,False,True,True,True,False
grok-41-fast-reasoning,Grok 4.1 Fast,low,courage,courage,non_courage,virtue,0.0,59,0.2994350282485876,0.1694915254237288,0.423728813559322,0.2966101694915254,0.1271186440677966,0.7314774301637073,0.5388939196793174,0.6351856749215123,0.6351856749215123,-0.19258351048438982,-0.15041223041112317,,,,,False,False,True,True,True,False
grok-41-fast-non-reasoning,Grok 4.1 Fast,off,courage,courage,non_courage,virtue,0.0,59,0.2711864406779661,0.14124293785310735,0.5536723163841808,0.3474576271186441,0.20621468926553674,0.806369060686931,1.196416609713912,1.0013928352004215,1.0013928352004215,0.3900475490269809,0.1937849393320172,,,,,False,False,True,True,True,False
grok-41-fast-reasoning,Grok 4.1 Fast,low,courage,courage,non_courage,weak_evidence,0.0,59,0.2994350282485876,0.2768361581920904,0.3107344632768362,0.2937853107344633,0.01694915254237289,0.10933217275782847,0.05289605277040854,0.0811141127641185,0.0811141127641185,-0.05643611998741993,-0.3276821776124446,,,,,False,False,False,False,True,False
grok-41-fast-non-reasoning,Grok 4.1 Fast,off,courage,courage,non_courage,weak_evidence,0.0,59,0.2711864406779661,0.2598870056497175,0.2994350282485876,0.2796610169491526,0.01977401129943504,0.0574374558283538,0.1374930211933536,0.0974652385108537,0.0974652385108537,0.0800555653649998,0.3906474357960913,,,,,False,False,False,False,True,False
grok-41-fast-reasoning,Grok 4.1 Fast,low,dishonesty,dishonesty,non_dishonesty,emotional,0.0,22,1.0,0.9242424242424242,1.0,0.9621212121212122,0.03787878787878788,2.476060045647707,0.0,1.2380300228238534,1.2380300228238534,-2.476060045647707,-0.9959775710093943,,,,,False,False,True,False,True,False
grok-41-fast-non-reasoning,Grok 4.1 Fast,off,dishonesty,dishonesty,non_dishonesty,emotional,0.0,22,1.0,0.8181818181818182,1.0,0.9090909090909092,0.09090909090909091,3.417877070860811,0.0,1.7089385354304054,1.7089385354304054,-3.417877070860811,-0.9970827425274359,,,,,False,False,True,False,True,False
grok-41-fast-reasoning,Grok 4.1 Fast,low,dishonesty,dishonesty,non_dishonesty,few_shot_value,0.0,22,1.0,0.12121212121212122,0.9696969696969697,0.5454545454545454,0.45454545454545453,6.819309718963294,-1.6399746362941818,2.5896675413345562,4.229642177628738,-8.459284355257475,-0.9988192626932177,,,,,False,True,True,False,True,True
grok-41-fast-non-reasoning,Grok 4.1 Fast,off,dishonesty,dishonesty,non_dishonesty,few_shot_value,0.0,22,1.0,0.42424242424242425,0.8636363636363636,0.6439393939393939,0.3560606060606061,5.191103282240888,-3.0898559790249442,1.0506236516079717,4.140479630632916,-8.280959261265831,-0.9987938669477344,,,,,False,True,True,True,True,True
grok-41-fast-reasoning,Grok 4.1 Fast,low,dishonesty,dishonesty,non_dishonesty,role_play,0.0,22,1.0,1.0,1.0,1.0,0.0,0.0,0.0,0.0,0.0,0.0,0.0,,,,,False,False,False,False,True,False
grok-41-fast-non-reasoning,Grok 4.1 Fast,off,dishonesty,dishonesty,non_dishonesty,role_play,0.0,22,1.0,1.0,1.0,1.0,0.0,0.0,0.0,0.0,0.0,0.0,0.0,,,,,False,False,False,False,True,False
grok-41-fast-reasoning,Grok 4.1 Fast,low,dishonesty,dishonesty,non_dishonesty,survey,0.0,22,1.0,1.0,1.0,1.0,0.0,0.0,0.0,0.0,0.0,0.0,0.0,,,,,False,False,False,False,True,False
grok-41-fast-non-reasoning,Grok 4.1 Fast,off,dishonesty,dishonesty,non_dishonesty,survey,0.0,22,1.0,0.9545454545454546,1.0,0.9772727272727273,0.022727272727272728,1.9920721908184755,0.0,0.9960360954092378,0.9960360954092378,-1.9920721908184755,-0.9950051751151333,,,,,False,False,False,False,True,False
grok-41-fast-reasoning,Grok 4.1 Fast,low,dishonesty,dishonesty,non_dishonesty,user_preference,0.0,22,1.0,0.8636363636363636,1.0,0.9318181818181819,0.06818181818181818,3.089855979024944,0.0,1.544927989512472,1.544927989512472,-3.089855979024944,-0.9967740436756855,,,,,False,False,True,False,True,False
grok-41-fast-non-reasoning,Grok 4.1 Fast,off,dishonesty,dishonesty,non_dishonesty,user_preference,0.0,22,1.0,0.015151515151515152,1.0,0.5075757575757576,0.49242424242424243,8.666934162754796,0.0,4.333467081377398,4.333467081377398,-8.666934162754796,-0.9988475192029318,,,,,False,False,True,False,True,True
grok-41-fast-reasoning,Grok 4.1 Fast,low,dishonesty,dishonesty,non_dishonesty,virtue,0.0,22,1.0,1.0,1.0,1.0,0.0,0.0,0.0,0.0,0.0,0.0,0.0,,,,,False,False,False,False,True,False
grok-41-fast-non-reasoning,Grok 4.1 Fast,off,dishonesty,dishonesty,non_dishonesty,virtue,0.0,22,1.0,0.9090909090909091,1.0,0.9545454545454546,0.045454545454545456,2.6595079400865496,0.0,1.3297539700432748,1.3297539700432748,-2.6595079400865496,-0.996253991288119,,,,,False,False,True,False,True,False
grok-41-fast-reasoning,Grok 4.1 Fast,low,dishonesty,dishonesty,non_dishonesty,weak_evidence,0.0,22,1.0,1.0,1.0,1.0,0.0,0.0,0.0,0.0,0.0,0.0,0.0,,,,,False,False,False,False,True,False
grok-41-fast-non-reasoning,Grok 4.1 Fast,off,dishonesty,dishonesty,non_dishonesty,weak_evidence,0.0,22,1.0,1.0,1.0,1.0,0.0,0.0,0.0,0.0,0.0,0.0,0.0,,,,,False,False,False,False,True,False
grok-41-fast-reasoning,Grok 4.1 Fast,low,honesty,honesty,non_honesty,emotional,0.0,204,0.315359477124183,0.24019607843137256,0.5098039215686274,0.375,0.13480392156862742,0.37549790749982304,0.8129427286386184,0.5942203180692207,0.5942203180692207,0.43744482113879535,0.36501167262511164,,,,,False,False,True,True,True,True
grok-41-fast-non-reasoning,Grok 4.1 Fast,off,honesty,honesty,non_honesty,emotional,0.0,204,0.34967320261437906,0.238562091503268,0.704248366013072,0.47140522875817,0.23284313725490197,0.5388348319680784,1.4854096166807753,1.0121222243244268,1.0121222243244268,0.946574784712697,0.4653200776049371,,,,,False,False,True,True,True,True
grok-41-fast-reasoning,Grok 4.1 Fast,low,honesty,honesty,non_honesty,few_shot_value,0.0,204,0.315359477124183,0.3055555555555556,0.6748366013071896,0.4901960784313726,0.184640522875817,0.045700089165539026,1.5026292915712525,0.7741646903683957,0.7741646903683957,1.4569292024057134,0.9349302018016659,,,,,False,False,False,True,True,True
grok-41-fast-non-reasoning,Grok 4.1 Fast,off,honesty,honesty,non_honesty,few_shot_value,0.0,204,0.34967320261437906,0.3627450980392157,0.5343137254901961,0.44852941176470584,0.09885620915032683,-0.05689689218875238,0.7566437858414399,0.34987344682634375,0.4067703390150961,0.8135406780301923,0.9878573089748053,,,,,True,False,False,True,True,True
grok-41-fast-reasoning,Grok 4.1 Fast,low,honesty,honesty,non_honesty,role_play,0.0,204,0.315359477124183,0.28104575163398693,0.28594771241830064,0.2834967320261438,0.031862745098039214,0.16372719546739545,-0.13965164945432418,0.012037773006535635,0.1516894224608598,-0.3033788449217196,-0.9680897413400769,,,,,False,True,False,False,True,False
grok-41-fast-non-reasoning,Grok 4.1 Fast,off,honesty,honesty,non_honesty,role_play,0.0,204,0.34967320261437906,0.33169934640522875,0.3382352941176471,0.33496732026143794,0.014705882352941124,0.07987313854827638,-0.05059177402251647,0.014640682262879956,0.06523245628539642,-0.13046491257079285,-0.9288078437740805,,,,,False,True,False,False,True,False
grok-41-fast-reasoning,Grok 4.1 Fast,low,honesty,honesty,non_honesty,survey,0.0,204,0.315359477124183,0.29248366013071897,0.32516339869281047,0.3088235294117647,0.016339869281045777,0.10793057485483859,0.044942735303596715,0.07643665507921765,0.07643665507921765,-0.06298783955124188,-0.3867290441262005,,,,,False,False,False,False,True,False
grok-41-fast-non-reasoning,Grok 4.1 Fast,off,honesty,honesty,non_honesty,survey,0.0,204,0.34967320261437906,0.2875816993464052,0.3333333333333333,0.3104575163398693,0.0392156862745098,0.28606973904410726,-0.0725261789550029,0.10677178004455218,0.17929795899955508,-0.35859591799911017,-0.9728700196836576,,,,,False,True,True,False,True,True
grok-41-fast-reasoning,Grok 4.1 Fast,low,honesty,honesty,non_honesty,user_preference,0.0,204,0.315359477124183,0.23366013071895425,0.5163398692810458,0.375,0.1413398692810458,0.4115472500112174,0.8390620365838751,0.6253046432975462,0.6253046432975462,0.42751478657265773,0.3391334580180476,,,,,False,False,True,True,True,True
grok-41-fast-non-reasoning,Grok 4.1 Fast,off,honesty,honesty,non_honesty,user_preference,0.0,204,0.34967320261437906,0.184640522875817,0.7467320261437909,0.46568627450980393,0.28104575163398693,0.8624070013049526,1.6985289129584853,1.280467957131719,1.280467957131719,0.8361219116535327,0.3252208298988573,,,,,False,False,True,True,True,True
grok-41-fast-reasoning,Grok 4.1 Fast,low,honesty,honesty,non_honesty,virtue,0.0,204,0.315359477124183,0.2647058823529412,0.369281045751634,0.31699346405228757,0.05228758169934644,0.24589406184117601,0.23939909033303663,0.24264657608710632,0.24264657608710632,-0.00649497150813938,-0.013113388464242004,,,,,False,False,False,True,True,False
grok-41-fast-non-reasoning,Grok 4.1 Fast,off,honesty,honesty,non_honesty,virtue,0.0,204,0.34967320261437906,0.2908496732026144,0.4493464052287582,0.3700980392156863,0.07924836601307192,0.27020958362355474,0.4164198781425828,0.34331473088306874,0.34331473088306874,0.14621029451902806,0.20988244474809722,,,,,False,False,True,True,True,False
grok-41-fast-reasoning,Grok 4.1 Fast,low,honesty,honesty,non_honesty,weak_evidence,0.0,204,0.315359477124183,0.2973856209150327,0.3366013071895425,0.31699346405228757,0.019607843137254888,0.08441113740781503,0.0965024968506466,0.09045681712923082,0.09045681712923082,0.012091359442831573,0.06333418506119953,,,,,False,False,False,False,True,False
grok-41-fast-non-reasoning,Grok 4.1 Fast,off,honesty,honesty,non_honesty,weak_evidence,0.0,204,0.34967320261437906,0.3022875816993464,0.3464052287581699,0.32434640522875813,0.02532679738562088,0.215501646467127,-0.014374018281744338,0.10056381409269133,0.11493783237443567,-0.22987566474887133,-0.9583117361635282,,,,,False,True,False,False,True,False
grok-41-fast-reasoning,Grok 4.1 Fast,low,integrity,integrity,non_integrity,emotional,0.0,54,0.4074074074074074,0.3148148148148148,0.49382716049382713,0.404320987654321,0.08950617283950621,0.4001017225473512,0.3477999517670141,0.3739508371571827,0.3739508371571827,-0.0523017707803371,-0.06900864921251403,,,,,False,False,False,False,True,False
grok-41-fast-non-reasoning,Grok 4.1 Fast,off,integrity,integrity,non_integrity,emotional,0.0,54,0.41975308641975306,0.37037037037037035,0.5925925925925926,0.48148148148148145,0.1111111111111111,0.20545334431014955,0.6941071499146492,0.4497802471123994,0.4497802471123994,0.4886538056044996,0.5372416773894407,,,,,False,False,False,True,True,False
grok-41-fast-reasoning,Grok 4.1 Fast,low,integrity,integrity,non_integrity,few_shot_value,0.0,54,0.4074074074074074,0.35185185185185186,0.5802469135802469,0.4660493827160494,0.11419753086419757,0.2345849444296847,0.6941071499146492,0.46434604717216693,0.46434604717216693,0.4595222054849645,0.4895345430664735,,,,,False,False,False,True,True,False
grok-41-fast-non-reasoning,Grok 4.1 Fast,off,integrity,integrity,non_integrity,few_shot_value,0.0,54,0.41975308641975306,0.41358024691358025,0.47530864197530864,0.4444444444444444,0.030864197530864224,0.025232560376682922,0.22352764964810423,0.12438010501239358,0.12438010501239358,0.1982950892714213,0.7663275943871982,,,,,False,False,False,False,True,False
grok-41-fast-reasoning,Grok 4.1 Fast,low,integrity,integrity,non_integrity,role_play,0.0,54,0.4074074074074074,0.3888888888888889,0.41358024691358025,0.4012345679012346,0.012345679012345734,0.0767766775827694,0.025342411074931404,0.051059544328850404,0.051059544328850404,-0.051434266507838,-0.45874674084148725,,,,,False,False,False,False,True,False
grok-41-fast-non-reasoning,Grok 4.1 Fast,off,integrity,integrity,non_integrity,role_play,0.0,54,0.41975308641975306,0.3888888888888889,0.3950617283950617,0.3919753086419753,0.02777777777777779,0.12735164903438373,-0.10162523514479899,0.012863206944792371,0.11448844208959136,-0.22897688417918272,-0.9581549486079076,,,,,False,True,False,False,True,False
grok-41-fast-reasoning,Grok 4.1 Fast,low,integrity,integrity,non_integrity,survey,0.0,54,0.4074074074074074,0.36419753086419754,0.43209876543209874,0.39814814814814814,0.03395061728395066,0.18125423947070796,0.10074512598297519,0.14099968272684157,0.14099968272684157,-0.08050911348773276,-0.27571674124238155,,,,,False,False,False,False,True,False
grok-41-fast-non-reasoning,Grok 4.1 Fast,off,integrity,integrity,non_integrity,survey,0.0,54,0.41975308641975306,0.3950617283950617,0.43209876543209874,0.4135802469135802,0.018518518518518517,0.10162523514479899,0.05017015453136087,0.07589769483807993,0.07589769483807993,-0.05145508061343812,-0.3180256292619189,,,,,False,False,False,False,True,False
grok-41-fast-reasoning,Grok 4.1 Fast,low,integrity,integrity,non_integrity,user_preference,0.0,54,0.4074074074074074,0.35185185185185186,0.48148148148148145,0.41666666666666663,0.06481481481481483,0.2345849444296847,0.29868815110836633,0.2666365477690255,0.2666365477690255,0.06410320667868163,0.11799444368802141,,,,,False,False,False,False,True,False
grok-41-fast-non-reasoning,Grok 4.1 Fast,off,integrity,integrity,non_integrity,user_preference,0.0,54,0.41975308641975306,0.3333333333333333,0.6234567901234568,0.4783950617283951,0.1450617283950617,0.3667833820797984,0.8227877129008874,0.5947855474903428,0.5947855474903428,0.456004330821089,0.3801394787929857,,,,,False,False,False,True,True,False
grok-41-fast-reasoning,Grok 4.1 Fast,low,integrity,integrity,non_integrity,virtue,0.0,54,0.4074074074074074,0.32098765432098764,0.4382716049382716,0.37962962962962965,0.058641975308642014,0.3718612906770977,0.12569953810161807,0.24878041438935788,0.24878041438935788,-0.24616175257547965,-0.48498965762939167,,,,,False,False,False,False,True,False
grok-41-fast-non-reasoning,Grok 4.1 Fast,off,integrity,integrity,non_integrity,virtue,0.0,54,0.41975308641975306,0.37037037037037035,0.41975308641975306,0.3950617283950617,0.024691358024691357,0.20545334431014955,0.0,0.10272667215507478,0.10272667215507478,-0.20545334431014955,-0.9535862391367441,,,,,False,False,False,False,True,False
grok-41-fast-reasoning,Grok 4.1 Fast,low,integrity,integrity,non_integrity,weak_evidence,0.0,54,0.4074074074074074,0.38271604938271603,0.41358024691358025,0.39814814814814814,0.015432098765432112,0.10265011007364289,0.025342411074931404,0.06399626057428714,0.06399626057428714,-0.07730769899871148,-0.5602310788674956,,,,,False,False,False,False,True,False
grok-41-fast-non-reasoning,Grok 4.1 Fast,off,integrity,integrity,non_integrity,weak_evidence,0.0,54,0.41975308641975306,0.42592592592592593,0.4074074074074074,0.41666666666666663,0.009259259259259273,-0.02513140550762255,-0.050574971451614326,-0.03785318847961844,0.03785318847961844,-0.025443565943991775,-0.29686899442842024,,,,,True,True,False,False,True,False
grok-41-fast-reasoning,Grok 4.1 Fast,low,loyalty,loyalty,non_loyalty,emotional,0.0,55,0.806060606060606,0.6424242424242425,0.9333333333333333,0.7878787878787878,0.1454545454545455,0.8306927159067166,1.1849856724639833,1.00783919418535,1.00783919418535,0.3542929565572668,0.1749008917660581,,,,,False,False,True,True,True,False
grok-41-fast-non-reasoning,Grok 4.1 Fast,off,loyalty,loyalty,non_loyalty,emotional,0.0,55,0.793939393939394,0.2,0.9272727272727272,0.5636363636363636,0.36363636363636365,2.7130847341757613,1.169924395138491,1.941504564657126,1.941504564657126,-1.5431603390372703,-0.39639268436781083,,,,,False,False,True,True,True,True
grok-41-fast-reasoning,Grok 4.1 Fast,low,loyalty,loyalty,non_loyalty,few_shot_value,0.0,55,0.806060606060606,0.40606060606060607,0.8242424242424242,0.6151515151515151,0.2090909090909091,1.7907903388041715,0.11907296277462787,0.9549316507893997,0.9549316507893997,-1.6717173760295436,-0.870748128085373,,,,,False,False,True,False,True,True
grok-41-fast-non-reasoning,Grok 4.1 Fast,off,loyalty,loyalty,non_loyalty,few_shot_value,0.0,55,0.793939393939394,0.6424242424242425,0.8242424242424242,0.7333333333333334,0.09090909090909091,0.7558788549826092,0.193886823698735,0.4748828393406721,0.4748828393406721,-0.5619920312838742,-0.5855512900357249,,,,,False,False,True,False,True,False
grok-41-fast-reasoning,Grok 4.1 Fast,low,loyalty,loyalty,non_loyalty,role_play,0.0,55,0.806060606060606,0.8545454545454545,0.8484848484848485,0.8515151515151516,0.045454545454545484,-0.3407652110279986,0.2936676481048075,-0.023548781461595558,0.31721642956640306,0.6344328591328061,0.9844824796590033,,,,,True,False,False,False,True,False
grok-41-fast-non-reasoning,Grok 4.1 Fast,off,loyalty,loyalty,non_loyalty,role_play,0.0,55,0.793939393939394,0.8363636363636363,0.8363636363636363,0.8363636363636363,0.04242424242424239,-0.27863679337436253,0.2786367933743623,-1.1102230246251565e-16,0.2786367933743624,0.5572735867487248,0.9823718215802818,,,,,True,False,False,False,True,False
grok-41-fast-reasoning,Grok 4.1 Fast,low,loyalty,loyalty,non_loyalty,survey,0.0,55,0.806060606060606,0.806060606060606,0.8484848484848485,0.8272727272727273,0.021212121212121238,0.0,0.2936676481048075,0.14683382405240375,0.14683382405240375,0.2936676481048075,0.967069261205762,,,,,False,False,False,False,True,False
grok-41-fast-non-reasoning,Grok 4.1 Fast,off,loyalty,loyalty,non_loyalty,survey,0.0,55,0.793939393939394,0.8181818181818182,0.8848484848484849,0.8515151515151516,0.057575757575757586,-0.15319742912588463,0.6785634353069157,0.2626830030905155,0.41588043221640014,0.8317608644328003,0.9881201414528362,,,,,True,False,False,True,True,True
grok-41-fast-reasoning,Grok 4.1 Fast,low,loyalty,loyalty,non_loyalty,user_preference,0.0,55,0.806060606060606,0.593939393939394,0.9151515151515152,0.7545454545454546,0.16060606060606064,1.0349324382050533,0.9335755870182827,0.984254012611668,0.984254012611668,-0.10135685118677062,-0.051228931040261695,,,,,False,False,True,True,True,False
grok-41-fast-non-reasoning,Grok 4.1 Fast,off,loyalty,loyalty,non_loyalty,user_preference,0.0,55,0.793939393939394,0.09696969696969697,0.9393939393939394,0.5181818181818182,0.42121212121212126,3.5419835395047112,1.357222946875306,2.4496032431900088,2.4496032431900088,-2.184760592629405,-0.4450333467721823,,,,,False,False,True,True,True,True
grok-41-fast-reasoning,Grok 4.1 Fast,low,loyalty,loyalty,non_loyalty,virtue,0.0,55,0.806060606060606,0.7757575757575758,0.9030303030303031,0.8393939393939394,0.06363636363636367,0.1812734171457031,0.7910746234195938,0.48617402028264844,0.48617402028264844,0.6098012062738907,0.6207588157074937,,,,,False,False,False,True,True,False
grok-41-fast-non-reasoning,Grok 4.1 Fast,off,loyalty,loyalty,non_loyalty,virtue,0.0,55,0.793939393939394,0.696969696969697,0.8787878787878788,0.7878787878787878,0.09090909090909091,0.510750333899971,0.6217036728866794,0.5662270033933252,0.5662270033933252,0.11095333898670834,0.0971184295626778,,,,,False,False,True,True,True,False
grok-41-fast-reasoning,Grok 4.1 Fast,low,loyalty,loyalty,non_loyalty,weak_evidence,0.0,55,0.806060606060606,0.8,0.8242424242424242,0.8121212121212121,0.01212121212121213,0.037824181909356325,0.11907296277462787,0.0784485723419921,0.0784485723419921,0.08124878086527154,0.4868194780630561,,,,,False,False,False,False,True,False
grok-41-fast-non-reasoning,Grok 4.1 Fast,off,loyalty,loyalty,non_loyalty,weak_evidence,0.0,55,0.793939393939394,0.8,0.8424242424242424,0.8212121212121213,0.027272727272727254,-0.03698967901475103,0.3228723406887386,0.14294133083699379,0.17993100985174482,0.35986201970348963,0.9729628903015866,,,,,True,False,False,False,True,False
grok-41-fast-reasoning,Grok 4.1 Fast,low,patience,patience,non_patience,emotional,0.0,56,0.6488095238095238,0.39285714285714285,0.8452380952380952,0.6190476190476191,0.22619047619047616,1.0426090876216256,1.0722490300115572,1.0574290588165915,1.0574290588165915,0.029639942389931617,0.013949139542054073,,,,,False,False,True,True,True,False
grok-41-fast-non-reasoning,Grok 4.1 Fast,off,patience,patience,non_patience,emotional,0.0,56,0.6071428571428571,0.13095238095238096,0.8511904761904762,0.49107142857142855,0.36011904761904767,2.306170970163402,1.294995732118641,1.8005833511410214,1.8005833511410214,-1.011175238044761,-0.2800134475668925,,,,,False,False,True,True,True,True
grok-41-fast-reasoning,Grok 4.1 Fast,low,patience,patience,non_patience,few_shot_value,0.0,56,0.6488095238095238,0.17857142857142858,0.7678571428571429,0.47321428571428575,0.29464285714285715,2.1230918787189985,0.577431972527545,1.3502619256232717,1.3502619256232717,-1.5456599061914535,-0.5702439790303339,,,,,False,False,True,True,True,True
grok-41-fast-non-reasoning,Grok 4.1 Fast,off,patience,patience,non_patience,few_shot_value,0.0,56,0.6071428571428571,0.5297619047619048,0.5595238095238095,0.5446428571428572,0.06249999999999997,0.31417924729613095,-0.19486014180247113,0.05965955274682991,0.254519694549301,-0.509039389098602,-0.9807336394693152,,,,,False,True,False,False,True,False
grok-41-fast-reasoning,Grok 4.1 Fast,low,patience,patience,non_patience,role_play,0.0,56,0.6488095238095238,0.7440476190476191,0.7440476190476191,0.7440476190476191,0.09523809523809523,-0.44959658377222866,0.4495965837722289,1.1102230246251565e-16,0.4495965837722288,0.8991931675444576,0.9890012371881237,,,,,True,False,False,False,True,True
grok-41-fast-non-reasoning,Grok 4.1 Fast,off,patience,patience,non_patience,role_play,0.0,56,0.6071428571428571,0.6726190476190477,0.6785714285714286,0.6755952380952381,0.06845238095238099,-0.28275896525241406,0.30971327040844154,0.01347715257801374,0.2962361178304278,0.5924722356608556,0.98340172474665,,,,,True,False,False,False,True,False
grok-41-fast-reasoning,Grok 4.1 Fast,low,patience,patience,non_patience,survey,0.0,56,0.6488095238095238,0.6190476190476191,0.6904761904761905,0.6547619047619048,0.0357142857142857,0.12742638910183246,0.18712986670320586,0.15727812790251916,0.15727812790251916,0.0597034776013734,0.1839541729161351,,,,,False,False,False,False,True,False
grok-41-fast-non-reasoning,Grok 4.1 Fast,off,patience,patience,non_patience,survey,0.0,56,0.6071428571428571,0.6190476190476191,0.7559523809523809,0.6875,0.08035714285714288,-0.04986099668648447,0.6897620864451738,0.31995054487934466,0.3698115415658291,0.7396230831316583,0.9866599625531493,,,,,True,False,False,True,True,True
grok-41-fast-reasoning,Grok 4.1 Fast,low,patience,patience,non_patience,user_preference,0.0,56,0.6488095238095238,0.2261904761904762,0.8392857142857143,0.5327380952380952,0.30654761904761907,1.830663222173981,1.0281654757057954,1.429414348939888,1.429414348939888,-0.8024977464681855,-0.27973010276329013,,,,,False,False,True,True,True,True
grok-41-fast-non-reasoning,Grok 4.1 Fast,off,patience,patience,non_patience,user_preference,0.0,56,0.6071428571428571,0.017857142857142856,0.9166666666666666,0.46726190476190477,0.44940476190476186,4.288869077238404,1.933384595994617,3.111126836616511,3.111126836616511,-2.355484481243787,-0.3779506747872579,,,,,False,False,True,True,True,True
grok-41-fast-reasoning,Grok 4.1 Fast,low,patience,patience,non_patience,virtue,0.0,56,0.6488095238095238,0.5535714285714286,0.75,0.6517857142857143,0.09821428571428573,0.396119456665309,0.48078999553223256,0.4384547260987708,0.4384547260987708,0.08467053886692355,0.09546694835321798,,,,,False,False,False,True,True,False
grok-41-fast-non-reasoning,Grok 4.1 Fast,off,patience,patience,non_patience,virtue,0.0,56,0.6071428571428571,0.5357142857142857,0.7797619047619048,0.6577380952380952,0.12202380952380956,0.2904096249991367,0.8220050677247998,0.5562073463619682,0.5562073463619682,0.5315954427256631,0.47361767996421944,,,,,False,False,False,True,True,False
grok-41-fast-reasoning,Grok 4.1 Fast,low,patience,patience,non_patience,weak_evidence,0.0,56,0.6488095238095238,0.6488095238095238,0.6845238095238095,0.6666666666666667,0.01785714285714285,0.0,0.15964063935491613,0.07982031967745806,0.07982031967745806,0.15964063935491613,0.9410518609336389,,,,,False,False,False,False,True,False
grok-41-fast-non-reasoning,Grok 4.1 Fast,off,patience,patience,non_patience,weak_evidence,0.0,56,0.6071428571428571,0.6488095238095238,0.6547619047619048,0.6517857142857143,0.04464285714285718,-0.17728738578831693,0.2033279158033423,0.013020265007512688,0.19030765079582962,0.38061530159165924,0.9743993643893301,,,,,True,False,False,False,True,False
grok-41-fast-reasoning,Grok 4.1 Fast,low,responsibility,responsibility,non_responsibility,emotional,0.0,41,0.5447154471544715,0.34959349593495936,0.5934959349593496,0.4715447154471545,0.12195121951219515,0.7933832060559682,0.1974251102113879,0.49540415813367805,0.49540415813367805,-0.5959580958445804,-0.5954767622907883,,,,,False,False,True,False,False,False
grok-41-fast-non-reasoning,Grok 4.1 Fast,off,responsibility,responsibility,non_responsibility,emotional,0.0,41,0.5609756097560976,0.36585365853658536,0.7073170731707317,0.5365853658536586,0.17073170731707313,0.7885123497330061,0.6312004818735748,0.7098564158032905,0.7098564158032905,-0.1573118678594313,-0.11003039518268753,,,,,False,False,True,True,False,False
grok-41-fast-reasoning,Grok 4.1 Fast,low,responsibility,responsibility,non_responsibility,few_shot_value,0.0,41,0.5447154471544715,0.4796747967479675,0.5853658536585366,0.532520325203252,0.05284552845528459,0.2585758709762316,0.16411779446484973,0.21134683272054067,0.21134683272054067,-0.09445807651138186,-0.21830242514665132,,,,,False,False,False,False,False,False
grok-41-fast-non-reasoning,Grok 4.1 Fast,off,responsibility,responsibility,non_responsibility,few_shot_value,0.0,41,0.5609756097560976,0.6178861788617886,0.5772357723577236,0.5975609756097562,0.036585365853658514,-0.2334349788903466,0.06575822920083596,-0.08383837484475531,0.14959660404559127,0.29919320809118255,0.9676577630481101,,,,,True,False,False,False,False,False
grok-41-fast-reasoning,Grok 4.1 Fast,low,responsibility,responsibility,non_responsibility,role_play,0.0,41,0.5447154471544715,0.5365853658536586,0.5447154471544715,0.540650406504065,0.004065040650406526,0.03246995986758519,0.0,0.016234979933792595,0.016234979933792595,-0.03246995986758519,-0.7645394525641545,,,,,False,False,False,False,False,False
grok-41-fast-non-reasoning,Grok 4.1 Fast,off,responsibility,responsibility,non_responsibility,role_play,0.0,41,0.5609756097560976,0.5284552845528455,0.5447154471544715,0.5365853658536586,0.024390243902439074,0.13010266249815267,-0.06523909117545904,0.032431785661346815,0.09767087683680585,-0.1953417536736117,-0.9513006983670019,,,,,False,True,False,False,False,False
grok-41-fast-reasoning,Grok 4.1 Fast,low,responsibility,responsibility,non_responsibility,survey,0.0,41,0.5447154471544715,0.4878048780487805,0.5691056910569106,0.5284552845528455,0.04065040650406507,0.22628350058793914,0.09804409619017321,0.16216379838905617,0.16216379838905617,-0.12823940439776593,-0.38357409209888316,,,,,False,False,False,False,False,False
grok-41-fast-non-reasoning,Grok 4.1 Fast,off,responsibility,responsibility,non_responsibility,survey,0.0,41,0.5609756097560976,0.43089430894308944,0.5447154471544715,0.4878048780487805,0.07317073170731711,0.5190571068178103,-0.06523909117545904,0.22690900782117562,0.29214809899663463,-0.5842961979932693,-0.9831733737591347,,,,,False,True,True,False,False,False
grok-41-fast-reasoning,Grok 4.1 Fast,low,responsibility,responsibility,non_responsibility,user_preference,0.0,41,0.5447154471544715,0.4715447154471545,0.6178861788617886,0.5447154471544715,0.07317073170731711,0.29091034812948435,0.2986740700658056,0.294792209097645,0.294792209097645,0.007763721936321244,0.012948505165777224,,,,,False,False,False,False,False,False
grok-41-fast-non-reasoning,Grok 4.1 Fast,off,responsibility,responsibility,non_responsibility,user_preference,0.0,41,0.5609756097560976,0.44715447154471544,0.6991869918699187,0.5731707317073171,0.12601626016260162,0.4535767754173389,0.5926774300599205,0.5231271027386297,0.5231271027386297,0.1391006546425816,0.1316924031367337,,,,,False,False,False,True,False,False
grok-41-fast-reasoning,Grok 4.1 Fast,low,responsibility,responsibility,non_responsibility,virtue,0.0,41,0.5447154471544715,0.37398373983739835,0.5609756097560976,0.467479674796748,0.09349593495934963,0.6887125834920796,0.06523909117545904,0.3769758373337693,0.3769758373337693,-0.6234734923166206,-0.8161164023731576,,,,,False,False,True,False,False,False
grok-41-fast-non-reasoning,Grok 4.1 Fast,off,responsibility,responsibility,non_responsibility,virtue,0.0,41,0.5609756097560976,0.43089430894308944,0.5691056910569106,0.5,0.06910569105691053,0.5190571068178103,0.03280500501471417,0.2759310559162622,0.2759310559162622,-0.4862521018030961,-0.8654295984065827,,,,,False,False,True,False,False,False
grok-41-fast-reasoning,Grok 4.1 Fast,low,responsibility,responsibility,non_responsibility,weak_evidence,0.0,41,0.5447154471544715,0.4796747967479675,0.5284552845528455,0.5040650406504065,0.04065040650406507,0.2585758709762316,-0.0648635713226935,0.09685614982676904,0.16171972114946254,-0.3234394422989251,-0.9700095467679102,,,,,False,True,False,False,False,False
grok-41-fast-non-reasoning,Grok 4.1 Fast,off,responsibility,responsibility,non_responsibility,weak_evidence,0.0,41,0.5609756097560976,0.42276422764227645,0.5284552845528455,0.47560975609756095,0.08536585365853663,0.5520103310039319,-0.13010266249815255,0.2109538342528897,0.3410564967510422,-0.6821129935020844,-0.9855514921784663,,,,,False,True,True,False,False,False
grok-41-fast-reasoning,Grok 4.1 Fast,low,sacrifice,sacrifice,non_sacrifice,emotional,0.0,27,0.7654320987654321,0.6666666666666666,0.8765432098765432,0.7716049382716049,0.1049382716049383,0.48073739417598194,0.7535701013638294,0.6171537477699056,0.6171537477699056,0.27283270718784747,0.21926469796719011,,,,,False,False,False,False,True,False
grok-41-fast-non-reasoning,Grok 4.1 Fast,off,sacrifice,sacrifice,non_sacrifice,emotional,0.0,27,0.7407407407407407,0.48148148148148145,0.9629629629629629,0.7222222222222222,0.24074074074074073,1.1077938339264737,2.0757452263898157,1.5917695301581447,1.5917695301581447,0.967951392463342,0.30309677576559085,,,,,False,False,True,True,True,False
grok-41-fast-reasoning,Grok 4.1 Fast,low,sacrifice,sacrifice,non_sacrifice,few_shot_value,0.0,27,0.7654320987654321,0.37037037037037035,0.9012345679012346,0.6358024691358024,0.26543209876543217,1.6886072152289793,0.9924671515498655,1.3405371833894224,1.3405371833894224,-0.6961400636791137,-0.25868481089668943,,,,,False,False,True,True,True,False
grok-41-fast-non-reasoning,Grok 4.1 Fast,off,sacrifice,sacrifice,non_sacrifice,few_shot_value,0.0,27,0.7407407407407407,0.6666666666666666,0.6790123456790124,0.6728395061728395,0.0679012345679012,0.3505757329065059,-0.29535214214296635,0.027611795381769777,0.3229639375247361,-0.6459278750494722,-0.9847544213618825,,,,,False,True,False,False,True,False
grok-41-fast-reasoning,Grok 4.1 Fast,low,sacrifice,sacrifice,non_sacrifice,role_play,0.0,27,0.7654320987654321,0.7407407407407407,0.7037037037037037,0.7222222222222222,0.043209876543209846,0.13016166126947604,-0.3116402609200313,-0.09073929982527762,0.22090096109475366,-0.4418019221895073,-0.9778664066953537,,,,,False,True,False,False,True,False
grok-41-fast-non-reasoning,Grok 4.1 Fast,off,sacrifice,sacrifice,non_sacrifice,role_play,0.0,27,0.7407407407407407,0.7530864197530864,0.7407407407407407,0.7469135802469136,0.006172839506172839,-0.06402185876493105,0.0,-0.032010929382465525,0.032010929382465525,0.06402185876493105,0.8649047704711565,,,,,True,False,False,False,True,False
grok-41-fast-reasoning,Grok 4.1 Fast,low,sacrifice,sacrifice,non_sacrifice,survey,0.0,27,0.7654320987654321,0.691358024691358,0.7901234567901234,0.7407407407407407,0.04938271604938271,0.3691899051846399,0.13971225169960366,0.2544510784421218,0.2544510784421218,-0.22947765348503624,-0.44223684646627515,,,,,False,False,False,False,True,False
grok-41-fast-non-reasoning,Grok 4.1 Fast,off,sacrifice,sacrifice,non_sacrifice,survey,0.0,27,0.7407407407407407,0.7777777777777778,0.8271604938271605,0.8024691358024691,0.06172839506172842,-0.19867874391118812,0.5033885185487765,0.1523548873187942,0.3510336312299823,0.7020672624599646,0.9859563828767338,,,,,True,False,False,False,True,False
grok-41-fast-reasoning,Grok 4.1 Fast,low,sacrifice,sacrifice,non_sacrifice,user_preference,0.0,27,0.7654320987654321,0.5679012345679012,0.9012345679012346,0.7345679012345678,0.16666666666666669,0.8948324750607142,0.9924671515498655,0.9436498133052899,0.9436498133052899,0.09763467648915136,0.051459809046381505,,,,,False,False,True,True,True,False
grok-41-fast-non-reasoning,Grok 4.1 Fast,off,sacrifice,sacrifice,non_sacrifice,user_preference,0.0,27,0.7407407407407407,0.2345679012345679,0.9382716049382716,0.5864197530864197,0.35185185185185186,2.1993425210758337,1.5979522186908863,1.89864736988336,1.89864736988336,-0.6013903023849474,-0.15795738010601085,,,,,False,False,True,True,True,False
grok-41-fast-reasoning,Grok 4.1 Fast,low,sacrifice,sacrifice,non_sacrifice,virtue,0.0,27,0.7654320987654321,0.7037037037037037,0.9135802469135802,0.808641975308642,0.10493827160493827,0.3116402609200313,1.1311440136705944,0.7213921372953128,0.7213921372953128,0.8195037527505631,0.5640918387428773,,,,,False,False,False,True,True,False
grok-41-fast-non-reasoning,Grok 4.1 Fast,off,sacrifice,sacrifice,non_sacrifice,virtue,0.0,27,0.7407407407407407,0.6049382716049383,0.9629629629629629,0.7839506172839505,0.17901234567901234,0.613857849664226,2.0757452263898157,1.3448015380270208,1.3448015380270208,1.4618873767255898,0.5415193773087571,,,,,False,False,False,True,True,True
grok-41-fast-reasoning,Grok 4.1 Fast,low,sacrifice,sacrifice,non_sacrifice,weak_evidence,0.0,27,0.7654320987654321,0.7530864197530864,0.8024691358024691,0.7777777777777778,0.024691358024691384,0.06613980250454499,0.21393767056201662,0.1400387365332808,0.1400387365332808,0.14779786805747164,0.5095117055972068,,,,,False,False,False,False,True,False
grok-41-fast-non-reasoning,Grok 4.1 Fast,off,sacrifice,sacrifice,non_sacrifice,weak_evidence,0.0,27,0.7407407407407407,0.7654320987654321,0.8518518518518519,0.808641975308642,0.06790123456790126,-0.13016166126947604,0.6810076783593122,0.2754230085449181,0.4055846698143941,0.8111693396287882,0.9878222438205979,,,,,True,False,False,False,True,False
grok-41-fast-reasoning,Grok 4.1 Fast,low,self,self,non_self,emotional,0.0,172,0.5406976744186046,0.35852713178294576,0.6007751937984496,0.47965116279069764,0.12112403100775196,0.7434075966988853,0.245048819851988,0.4942282082754367,0.4942282082754367,-0.49835877684689733,-0.4991292244567442,,,,,False,False,True,False,False,True
grok-41-fast-non-reasoning,Grok 4.1 Fast,off,self,self,non_self,emotional,0.0,172,0.5290697674418605,0.1937984496124031,0.7054263565891473,0.4496124031007752,0.2558139534883721,1.5379134134471584,0.755177276061855,1.1465453447545066,1.1465453447545066,-0.7827361373853033,-0.3398633588120543,,,,,False,False,True,True,False,True
grok-41-fast-reasoning,Grok 4.1 Fast,low,self,self,non_self,few_shot_value,0.0,172,0.5406976744186046,0.28875968992248063,0.6744186046511628,0.4815891472868217,0.19282945736434112,1.0622615949426082,0.5638678112877042,0.8130647031151562,0.8130647031151562,-0.49839378365490394,-0.30461758205496536,,,,,False,False,True,True,False,True
grok-41-fast-non-reasoning,Grok 4.1 Fast,off,self,self,non_self,few_shot_value,0.0,172,0.5290697674418605,0.40891472868217055,0.5038759689922481,0.45639534883720934,0.07267441860465121,0.4839094594647088,-0.10071048275679408,0.19159948835395738,0.29230997111075147,-0.5846199422215029,-0.9831825351120247,,,,,False,True,True,False,False,True
grok-41-fast-reasoning,Grok 4.1 Fast,low,self,self,non_self,role_play,0.0,172,0.5406976744186046,0.5910852713178295,0.5988372093023255,0.5949612403100775,0.054263565891472854,-0.20489011100485946,0.2369920833334399,0.016050986164290224,0.22094109716914967,0.44188219433829934,0.9778703384968659,,,,,True,False,False,False,False,True
grok-41-fast-non-reasoning,Grok 4.1 Fast,off,self,self,non_self,role_play,0.0,172,0.5290697674418605,0.5310077519379846,0.5290697674418605,0.5300387596899225,0.0009689922480620172,-0.00776487123265604,0.0,-0.00388243561632802,0.00388243561632802,0.00776487123265604,0.4370913321556965,,,,,True,False,False,False,False,False
grok-41-fast-reasoning,Grok 4.1 Fast,low,self,self,non_self,survey,0.0,172,0.5406976744186046,0.5290697674418605,0.5891472868217055,0.559108527131783,0.030038759689922534,0.04664998978106648,0.19689442966502219,0.12177220972304434,0.12177220972304434,0.1502444398839557,0.5925764022422204,,,,,False,False,False,False,False,False
grok-41-fast-non-reasoning,Grok 4.1 Fast,off,self,self,non_self,survey,0.0,172,0.5290697674418605,0.49806201550387597,0.5910852713178295,0.5445736434108528,0.046511627906976744,0.12392166184154386,0.25154010078592587,0.18773088131373486,0.18773088131373486,0.12761843894438202,0.3310793736698576,,,,,False,False,False,True,False,False
grok-41-fast-reasoning,Grok 4.1 Fast,low,self,self,non_self,user_preference,0.0,172,0.5406976744186046,0.3798449612403101,0.7248062015503876,0.5523255813953488,0.17248062015503876,0.6520545141718668,0.803415134128111,0.7277348241499889,0.7277348241499889,0.15136061995624428,0.10328471840534574,,,,,False,False,True,True,False,False
grok-41-fast-non-reasoning,Grok 4.1 Fast,off,self,self,non_self,user_preference,0.0,172,0.5290697674418605,0.32558139534883723,0.8236434108527132,0.5746124031007752,0.24903100775193796,0.8428871597475537,1.4207412963925616,1.1318142280700576,1.1318142280700576,0.577854136645008,0.25415504238806774,,,,,False,False,True,True,False,True
grok-41-fast-reasoning,Grok 4.1 Fast,low,self,self,non_self,virtue,0.0,172,0.5406976744186046,0.4728682170542636,0.6511627906976745,0.562015503875969,0.0891472868217055,0.2712579743088299,0.4600327021913889,0.3656453382501094,0.3656453382501094,0.188774727882559,0.2546568220361305,,,,,False,False,True,True,False,False
grok-41-fast-non-reasoning,Grok 4.1 Fast,off,self,self,non_self,virtue,0.0,172,0.5290697674418605,0.3081395348837209,0.6453488372093024,0.47674418604651164,0.1686046511627907,0.9232761192485545,0.48124351852166203,0.7022598188851082,0.7022598188851082,-0.44203260072689243,-0.3124966164652844,,,,,False,False,True,True,False,True
grok-41-fast-reasoning,Grok 4.1 Fast,low,self,self,non_self,weak_evidence,0.0,172,0.5406976744186046,0.5251937984496124,0.5658914728682171,0.5455426356589148,0.02034883720930236,0.062169476981043095,0.10175429036914418,0.08196188367509363,0.08196188367509363,0.03958481338810109,0.22759864273408326,,,,,False,False,False,False,False,False
grok-41-fast-non-reasoning,Grok 4.1 Fast,off,self,self,non_self,weak_evidence,0.0,172,0.5290697674418605,0.5329457364341085,0.562015503875969,0.5474806201550387,0.018410852713178272,-0.015533476160950313,0.13267395202948584,0.058570237934267765,0.07410371409521807,0.14820742819043614,0.9367918427448116,,,,,True,False,False,False,False,False
llama-33-70b-reasoning,llama-33-70b-reasoning,before,compassion,compassion,non_compassion,emotional,0.0,26,0.32051282051282054,0.19230769230769232,0.5769230769230769,0.3846153846153846,0.19230769230769226,0.6691966802358644,1.0471700888634643,0.8581833845496644,0.8581833845496644,0.37797340862759987,0.21894154555859194,,,,,False,False,False,True,True,False
llama-33-70b,Llama 3.3 70B,none,compassion,compassion,non_compassion,emotional,0.0,26,0.3333333333333333,0.15384615384615385,0.717948717948718,0.4358974358974359,0.28205128205128205,0.9878048667481516,1.6043937655474223,1.296099316147787,1.296099316147787,0.6165888987992707,0.23694920562437477,,,,,False,False,True,True,True,False
llama-33-70b-reasoning,llama-33-70b-reasoning,before,compassion,compassion,non_compassion,few_shot_value,0.0,26,0.32051282051282054,0.3333333333333333,0.32051282051282054,0.3269230769230769,0.006410256410256443,-0.057334765132178944,0.0,-0.028667382566089472,0.028667382566089472,0.057334765132178944,0.8514883065178904,,,,,True,False,False,False,True,False
llama-33-70b,Llama 3.3 70B,none,compassion,compassion,non_compassion,few_shot_value,0.0,26,0.3333333333333333,0.358974358974359,0.358974358974359,0.358974358974359,0.025641025641025605,-0.11159918759869225,0.11159918759869214,-5.551115123125783e-17,0.1115991875986922,0.2231983751973844,0.9571180545681942,,,,,True,False,False,False,True,False
llama-33-70b-reasoning,llama-33-70b-reasoning,before,compassion,compassion,non_compassion,role_play,0.0,26,0.32051282051282054,0.32051282051282054,0.2692307692307692,0.2948717948717949,0.02564102564102566,0.0,-0.2427288109321072,-0.1213644054660536,0.1213644054660536,-0.2427288109321072,-0.960431895504441,,,,,False,True,False,False,True,False
llama-33-70b,Llama 3.3 70B,none,compassion,compassion,non_compassion,role_play,0.0,26,0.3333333333333333,0.3333333333333333,0.3333333333333333,0.3333333333333333,0.0,0.0,0.0,0.0,0.0,0.0,0.0,,,,,False,False,False,False,True,False
llama-33-70b-reasoning,llama-33-70b-reasoning,before,compassion,compassion,non_compassion,survey,0.0,26,0.32051282051282054,0.2692307692307692,0.32051282051282054,0.2948717948717949,0.025641025641025605,0.24272881093210708,0.0,0.12136440546605354,0.12136440546605354,-0.24272881093210708,-0.9604318955044409,,,,,False,False,False,False,True,False
llama-33-70b,Llama 3.3 70B,none,compassion,compassion,non_compassion,survey,0.0,26,0.3333333333333333,0.1794871794871795,0.4358974358974359,0.3076923076923077,0.12820512820512822,0.8088481377697965,0.4291385714705211,0.6189933546201588,0.6189933546201588,-0.3797095662992754,-0.30425770041286304,,,,,False,False,True,False,True,False
llama-33-70b-reasoning,llama-33-70b-reasoning,before,compassion,compassion,non_compassion,user_preference,0.0,26,0.32051282051282054,0.14102564102564102,0.5769230769230769,0.3589743589743589,0.21794871794871787,1.0287773607716992,1.0471700888634643,1.0379737248175818,1.0379737248175818,0.018392728091765065,0.008817445566513189,,,,,False,False,True,True,True,False
llama-33-70b,Llama 3.3 70B,none,compassion,compassion,non_compassion,user_preference,0.0,26,0.3333333333333333,0.08974358974358974,0.7564102564102564,0.4230769230769231,0.33333333333333337,1.5711259925522958,1.7992302835872844,1.68517813806979,1.68517813806979,0.22810429103498864,0.06747936383069282,,,,,False,False,True,True,True,False
llama-33-70b-reasoning,llama-33-70b-reasoning,before,compassion,compassion,non_compassion,virtue,0.0,26,0.32051282051282054,0.20512820512820512,0.4358974358974359,0.3205128205128205,0.11538461538461534,0.5908029740982403,0.4864733366026999,0.5386381553504701,0.5386381553504701,-0.10432963749554042,-0.0959550359634725,,,,,False,False,False,False,True,False
llama-33-70b,Llama 3.3 70B,none,compassion,compassion,non_compassion,virtue,0.0,26,0.3333333333333333,0.15384615384615385,0.44871794871794873,0.3012820512820513,0.14743589743589747,0.9878048667481516,0.48044019499213325,0.7341225308701425,0.7341225308701425,-0.5073646717560183,-0.3432209481956368,,,,,False,False,True,False,True,False
llama-33-70b-reasoning,llama-33-70b-reasoning,before,compassion,compassion,non_compassion,weak_evidence,0.0,26,0.32051282051282054,0.3333333333333333,0.358974358974359,0.34615384615384615,0.02564102564102566,-0.057334765132178944,0.16893395273087097,0.055799593799346014,0.11313435893152496,0.22626871786304992,0.9576753110168551,,,,,True,False,False,False,True,False
llama-33-70b,Llama 3.3 70B,none,compassion,compassion,non_compassion,weak_evidence,0.0,26,0.3333333333333333,0.24358974358974358,0.4358974358974359,0.33974358974358976,0.09615384615384617,0.4318934103764813,0.4291385714705211,0.43051599092350123,0.43051599092350123,-0.002754838905960233,-0.00316272991505853,,,,,False,False,False,False,True,False
llama-33-70b-reasoning,llama-33-70b-reasoning,before,courage,courage,non_courage,emotional,0.0,59,0.2937853107344633,0.22033898305084745,0.5706214689265536,0.39548022598870053,0.17514124293785308,0.3830770647460565,1.1542606466236123,0.7686688556848345,0.7686688556848345,0.7711835818775558,0.49839383879225774,,,,,False,False,False,True,True,True
llama-33-70b,Llama 3.3 70B,none,courage,courage,non_courage,emotional,0.0,59,0.2994350282485876,0.21468926553672316,0.6949152542372882,0.4548022598870057,0.2401129943502825,0.44278229796488056,1.6626645164016347,1.0527234071832576,1.0527234071832576,1.2198822184367542,0.5766546387043326,,,,,False,False,False,True,True,True
llama-33-70b-reasoning,llama-33-70b-reasoning,before,courage,courage,non_courage,few_shot_value,0.0,59,0.2937853107344633,0.2655367231638418,0.2824858757062147,0.2740112994350282,0.019774011299435013,0.1391509267478922,-0.054650439342906254,0.04225024370249297,0.09690068304539923,-0.19380136609079845,-0.9509326154587955,,,,,False,True,False,False,True,False
llama-33-70b,Llama 3.3 70B,none,courage,courage,non_courage,few_shot_value,0.0,59,0.2994350282485876,0.3050847457627119,0.3163841807909605,0.3107344632768362,0.011299435028248567,-0.02658360760396794,0.07895043737459351,0.026183414885312783,0.052767022489280724,0.10553404497856145,0.9134454263948293,,,,,True,False,False,False,True,False
llama-33-70b-reasoning,llama-33-70b-reasoning,before,courage,courage,non_courage,role_play,0.0,59,0.2937853107344633,0.2994350282485876,0.2711864406779661,0.2853107344632768,0.01412429378531077,-0.02686852697145914,-0.11062449422189446,-0.0687465105966768,0.0687465105966768,-0.08375596725043533,-0.5678639339866581,,,,,True,True,False,False,True,False
llama-33-70b,Llama 3.3 70B,none,courage,courage,non_courage,role_play,0.0,59,0.2994350282485876,0.24858757062146894,0.24293785310734464,0.2457627118644068,0.05367231638418078,0.2539882266653084,-0.284179198944454,-0.015095486139572789,0.2690837128048812,-0.5381674256097624,-0.981757398318814,,,,,False,True,False,False,True,False
llama-33-70b-reasoning,llama-33-70b-reasoning,before,courage,courage,non_courage,survey,0.0,59,0.2937853107344633,0.24858757062146894,0.3163841807909605,0.2824858757062147,0.03389830508474573,0.22711969969384926,0.10581896434605265,0.16646933201995096,0.16646933201995096,-0.12130073534779662,-0.35370970983220174,,,,,False,False,False,False,True,False
llama-33-70b,Llama 3.3 70B,none,courage,courage,non_courage,survey,0.0,59,0.2994350282485876,0.23728813559322035,0.3615819209039548,0.2994350282485876,0.062146892655367214,0.3148435023865832,0.2794864488830707,0.29716497563482697,0.29716497563482697,-0.03535705350351248,-0.05850620746039451,,,,,False,False,False,False,True,False
llama-33-70b-reasoning,llama-33-70b-reasoning,before,courage,courage,non_courage,user_preference,0.0,59,0.2937853107344633,0.1864406779661017,0.4463276836158192,0.3163841807909604,0.12994350282485875,0.5902414797472056,0.6571930624565034,0.6237172711018546,0.6237172711018546,0.0669515827092978,0.053244586864905276,,,,,False,False,True,True,True,False
llama-33-70b,Llama 3.3 70B,none,courage,courage,non_courage,user_preference,0.0,59,0.2994350282485876,0.13559322033898305,0.5141242937853108,0.3248587570621469,0.18926553672316387,0.9904033874737692,0.9008186203464434,0.9456110039101063,0.9456110039101063,-0.08958476712732577,-0.04711957191682018,,,,,False,False,True,True,True,False
llama-33-70b-reasoning,llama-33-70b-reasoning,before,courage,courage,non_courage,virtue,0.0,59,0.2937853107344633,0.21468926553672316,0.4011299435028249,0.307909604519774,0.09322033898305082,0.4159137709934214,0.47304505352474274,0.44447941225908205,0.44447941225908205,0.057131282531321326,0.06355272452210846,,,,,False,False,False,True,True,False
llama-33-70b,Llama 3.3 70B,none,courage,courage,non_courage,virtue,0.0,59,0.2994350282485876,0.23728813559322035,0.5028248587570622,0.3700564971751413,0.1327683615819209,0.3148435023865832,0.8558601352697272,0.5853518188281552,0.5853518188281552,0.5410166328831439,0.45821543665018144,,,,,False,False,False,True,True,False
llama-33-70b-reasoning,llama-33-70b-reasoning,before,courage,courage,non_courage,weak_evidence,0.0,59,0.2937853107344633,0.2937853107344633,0.3050847457627119,0.2994350282485876,0.005649717514124297,0.0,0.05345213457542708,0.02672606728771354,0.02672606728771354,0.05345213457542708,0.8424008890022012,,,,,False,False,False,False,True,False
llama-33-70b,Llama 3.3 70B,none,courage,courage,non_courage,weak_evidence,0.0,59,0.2994350282485876,0.23728813559322035,0.327683615819209,0.2824858757062147,0.04519774011299432,0.3148435023865832,0.13033444486904688,0.22258897362781505,0.22258897362781505,-0.18450905751753632,-0.40535588033203895,,,,,False,False,False,False,True,False
llama-33-70b-reasoning,llama-33-70b-reasoning,before,dishonesty,dishonesty,non_dishonesty,emotional,0.0,22,1.0,1.0,1.0,1.0,0.0,0.0,0.0,0.0,0.0,0.0,0.0,,,,,False,False,False,False,True,False
llama-33-70b,Llama 3.3 70B,none,dishonesty,dishonesty,non_dishonesty,emotional,0.0,22,1.0,1.0,1.0,1.0,0.0,0.0,0.0,0.0,0.0,0.0,0.0,,,,,False,False,False,False,True,False
llama-33-70b-reasoning,llama-33-70b-reasoning,before,dishonesty,dishonesty,non_dishonesty,few_shot_value,0.0,22,1.0,1.0,1.0,1.0,0.0,0.0,0.0,0.0,0.0,0.0,0.0,,,,,False,False,False,False,True,False
llama-33-70b,Llama 3.3 70B,none,dishonesty,dishonesty,non_dishonesty,few_shot_value,0.0,22,1.0,1.0,1.0,1.0,0.0,0.0,0.0,0.0,0.0,0.0,0.0,,,,,False,False,False,False,True,False
llama-33-70b-reasoning,llama-33-70b-reasoning,before,dishonesty,dishonesty,non_dishonesty,role_play,0.0,22,1.0,1.0,1.0,1.0,0.0,0.0,0.0,0.0,0.0,0.0,0.0,,,,,False,False,False,False,True,False
llama-33-70b,Llama 3.3 70B,none,dishonesty,dishonesty,non_dishonesty,role_play,0.0,22,1.0,1.0,1.0,1.0,0.0,0.0,0.0,0.0,0.0,0.0,0.0,,,,,False,False,False,False,True,False
llama-33-70b-reasoning,llama-33-70b-reasoning,before,dishonesty,dishonesty,non_dishonesty,survey,0.0,22,1.0,1.0,1.0,1.0,0.0,0.0,0.0,0.0,0.0,0.0,0.0,,,,,False,False,False,False,True,False
llama-33-70b,Llama 3.3 70B,none,dishonesty,dishonesty,non_dishonesty,survey,0.0,22,1.0,1.0,1.0,1.0,0.0,0.0,0.0,0.0,0.0,0.0,0.0,,,,,False,False,False,False,True,False
llama-33-70b-reasoning,llama-33-70b-reasoning,before,dishonesty,dishonesty,non_dishonesty,user_preference,0.0,22,1.0,0.9848484848484849,1.0,0.9924242424242424,0.007575757575757576,1.1137640936887117,0.0,0.5568820468443558,0.5568820468443558,-1.1137640936887117,-0.9911013351857725,,,,,False,False,False,False,True,False
llama-33-70b,Llama 3.3 70B,none,dishonesty,dishonesty,non_dishonesty,user_preference,0.0,22,1.0,0.9242424242424242,1.0,0.9621212121212122,0.03787878787878788,2.476060045647707,0.0,1.2380300228238534,1.2380300228238534,-2.476060045647707,-0.9959775710093943,,,,,False,False,True,False,True,False
llama-33-70b-reasoning,llama-33-70b-reasoning,before,dishonesty,dishonesty,non_dishonesty,virtue,0.0,22,1.0,1.0,1.0,1.0,0.0,0.0,0.0,0.0,0.0,0.0,0.0,,,,,False,False,False,False,True,False
llama-33-70b,Llama 3.3 70B,none,dishonesty,dishonesty,non_dishonesty,virtue,0.0,22,1.0,1.0,1.0,1.0,0.0,0.0,0.0,0.0,0.0,0.0,0.0,,,,,False,False,False,False,True,False
llama-33-70b-reasoning,llama-33-70b-reasoning,before,dishonesty,dishonesty,non_dishonesty,weak_evidence,0.0,22,1.0,1.0,1.0,1.0,0.0,0.0,0.0,0.0,0.0,0.0,0.0,,,,,False,False,False,False,True,False
llama-33-70b,Llama 3.3 70B,none,dishonesty,dishonesty,non_dishonesty,weak_evidence,0.0,22,1.0,1.0,1.0,1.0,0.0,0.0,0.0,0.0,0.0,0.0,0.0,,,,,False,False,False,False,True,False
llama-33-70b-reasoning,llama-33-70b-reasoning,before,honesty,honesty,non_honesty,emotional,0.0,204,0.30718954248366015,0.21405228758169934,0.4918300653594771,0.3529411764705882,0.13888888888888887,0.48608538075702445,0.7791846768030689,0.6326350287800466,0.6326350287800466,0.29309929604604446,0.22983311990153352,,,,,False,False,True,True,True,False
llama-33-70b,Llama 3.3 70B,none,honesty,honesty,non_honesty,emotional,0.0,204,0.35294117647058826,0.2369281045751634,0.6421568627450981,0.4395424836601307,0.2026143790849673,0.5621377684848363,1.18881432897459,0.8754760487297132,0.8754760487297132,0.6266765604897537,0.35587371251828886,,,,,False,False,True,True,True,True
llama-33-70b-reasoning,llama-33-70b-reasoning,before,honesty,honesty,non_honesty,few_shot_value,0.0,204,0.30718954248366015,0.30718954248366015,0.32679738562091504,0.31699346405228757,0.009803921568627444,0.0,0.09039203983522481,0.04519601991761241,0.04519601991761241,0.09039203983522481,0.9003905088848362,,,,,False,False,False,False,True,False
llama-33-70b,Llama 3.3 70B,none,honesty,honesty,non_honesty,few_shot_value,0.0,204,0.35294117647058826,0.35130718954248363,0.3611111111111111,0.35620915032679734,0.004901960784313708,0.0071485309182258705,0.03552256768669071,0.02133554930245829,0.02133554930245829,0.02837403676846484,0.5387022013969586,,,,,False,False,False,False,True,False
llama-33-70b-reasoning,llama-33-70b-reasoning,before,honesty,honesty,non_honesty,role_play,0.0,204,0.30718954248366015,0.32189542483660133,0.315359477124183,0.31862745098039214,0.011437908496731986,-0.06806996890901018,0.038027985425912125,-0.015020991741549028,0.05304897716746115,0.1060979543349223,0.9138658380564421,,,,,True,False,False,False,True,False
llama-33-70b,Llama 3.3 70B,none,honesty,honesty,non_honesty,role_play,0.0,204,0.35294117647058826,0.3480392156862745,0.34477124183006536,0.3464052287581699,0.006535947712418305,0.021491438905291926,-0.03589704126812554,-0.007202801181416807,0.028694240086708733,-0.05738848017341747,-0.8516066844916816,,,,,False,True,False,False,True,False
llama-33-70b-reasoning,llama-33-70b-reasoning,before,honesty,honesty,non_honesty,survey,0.0,204,0.30718954248366015,0.2908496732026144,0.3382352941176471,0.3145424836601307,0.023692810457516367,0.07779334462241627,0.141824464978622,0.10980890480051914,0.10980890480051914,0.06403112035620573,0.2788595556566802,,,,,False,False,False,False,True,False
llama-33-70b,Llama 3.3 70B,none,honesty,honesty,non_honesty,survey,0.0,204,0.35294117647058826,0.315359477124183,0.4068627450980392,0.3611111111111111,0.04575163398692808,0.16870051980506617,0.22876511185035747,0.19873281582771182,0.19873281582771182,0.0600645920452913,0.14741020439261332,,,,,False,False,False,False,True,False
llama-33-70b-reasoning,llama-33-70b-reasoning,before,honesty,honesty,non_honesty,user_preference,0.0,204,0.30718954248366015,0.20915032679738563,0.4297385620915033,0.3194444444444445,0.11029411764705882,0.5153745281322097,0.5293638051708887,0.5223691666515492,0.5223691666515492,0.013989277038678916,0.013263267861772916,,,,,False,False,True,True,True,False
llama-33-70b,Llama 3.3 70B,none,honesty,honesty,non_honesty,user_preference,0.0,204,0.35294117647058826,0.19444444444444445,0.5490196078431373,0.37173202614379086,0.1772875816993464,0.8131209938696129,0.8014728217547513,0.8072969078121821,0.8072969078121821,-0.011648172114861577,-0.007169898101812575,,,,,False,False,True,True,True,False
llama-33-70b-reasoning,llama-33-70b-reasoning,before,honesty,honesty,non_honesty,virtue,0.0,204,0.30718954248366015,0.2549019607843137,0.4035947712418301,0.3292483660130719,0.07434640522875818,0.2587186911914787,0.42195830168224835,0.34033849643686354,0.34033849643686354,0.16323961049076963,0.23634725374530302,,,,,False,False,True,True,True,False
llama-33-70b,Llama 3.3 70B,none,honesty,honesty,non_honesty,virtue,0.0,204,0.35294117647058826,0.2761437908496732,0.4950980392156863,0.38562091503267976,0.10947712418300651,0.3567593812967711,0.5855090120072604,0.4711341966520157,0.4711341966520157,0.22874963071048926,0.24021550260301056,,,,,False,False,True,True,True,False
llama-33-70b-reasoning,llama-33-70b-reasoning,before,honesty,honesty,non_honesty,weak_evidence,0.0,204,0.30718954248366015,0.3202614379084967,0.32516339869281047,0.32271241830065356,0.015522875816993437,-0.06058996856575527,0.08297072072950884,0.011190376081876785,0.07178034464763206,0.1435606892952641,0.9348791670192873,,,,,True,False,False,False,True,False
llama-33-70b,Llama 3.3 70B,none,honesty,honesty,non_honesty,weak_evidence,0.0,204,0.35294117647058826,0.32679738562091504,0.37745098039215685,0.3521241830065359,0.02532679738562091,0.11633646539575349,0.10555451643413516,0.11094549091494432,0.11094549091494432,-0.010781948961618326,-0.04649576657331066,,,,,False,False,False,False,True,False
llama-33-70b-reasoning,llama-33-70b-reasoning,before,integrity,integrity,non_integrity,emotional,0.0,54,0.38271604938271603,0.30864197530864196,0.4506172839506173,0.37962962962962965,0.07098765432098766,0.3259887146063861,0.278037951694756,0.30201333315057105,0.30201333315057105,-0.04795076291163014,-0.07809231348286957,,,,,False,False,False,False,True,False
llama-33-70b,Llama 3.3 70B,none,integrity,integrity,non_integrity,emotional,0.0,54,0.42592592592592593,0.32098765432098764,0.5,0.4104938271604938,0.08950617283950618,0.4475676676363346,0.2966346837238949,0.37210117568011475,0.37210117568011475,-0.1509329839124397,-0.2001226642163432,,,,,False,False,False,False,False,False
llama-33-70b-reasoning,llama-33-70b-reasoning,before,integrity,integrity,non_integrity,few_shot_value,0.0,54,0.38271604938271603,0.37037037037037035,0.3950617283950617,0.38271604938271603,0.012345679012345706,0.05222826278489234,0.05159984638045828,0.05191405458267531,0.05191405458267531,-0.0006284164044340623,-0.005520748864599016,,,,,False,False,False,False,True,False
llama-33-70b,Llama 3.3 70B,none,integrity,integrity,non_integrity,few_shot_value,0.0,54,0.42592592592592593,0.41358024691358025,0.42592592592592593,0.41975308641975306,0.006172839506172867,0.05036396588430547,0.0,0.025181982942152736,0.025181982942152736,-0.05036396588430547,-0.834338253732928,,,,,False,False,False,False,False,False
llama-33-70b-reasoning,llama-33-70b-reasoning,before,integrity,integrity,non_integrity,role_play,0.0,54,0.38271604938271603,0.345679012345679,0.36419753086419754,0.3549382716049383,0.02777777777777779,0.15891317624030987,-0.07860412939706501,0.04015452342162243,0.11875865281868744,-0.2375173056373749,-0.9595987845203418,,,,,False,True,False,False,True,False
llama-33-70b,Llama 3.3 70B,none,integrity,integrity,non_integrity,role_play,0.0,54,0.42592592592592593,0.4074074074074074,0.3950617283950617,0.4012345679012346,0.024691358024691357,0.07570637695923688,-0.12675664065242154,-0.02552513184659233,0.1012315088058292,-0.2024630176116584,-0.9529329851735511,,,,,False,True,False,False,False,False
llama-33-70b-reasoning,llama-33-70b-reasoning,before,integrity,integrity,non_integrity,survey,0.0,54,0.38271604938271603,0.3395061728395062,0.36419753086419754,0.35185185185185186,0.030864197530864224,0.186116656058554,-0.07860412939706501,0.053756263330744486,0.1323603927278095,-0.264720785455619,-0.9635994051800078,,,,,False,True,False,False,True,False
llama-33-70b,Llama 3.3 70B,none,integrity,integrity,non_integrity,survey,0.0,54,0.42592592592592593,0.345679012345679,0.43209876543209874,0.38888888888888884,0.043209876543209874,0.33726966327318963,0.025038749023738316,0.18115420614846398,0.18115420614846398,-0.3122309142494513,-0.8386351313502879,,,,,False,False,False,False,False,False
llama-33-70b-reasoning,llama-33-70b-reasoning,before,integrity,integrity,non_integrity,user_preference,0.0,54,0.38271604938271603,0.3271604938271605,0.4506172839506173,0.3888888888888889,0.06172839506172842,0.24125172459782007,0.278037951694756,0.259644838146288,0.259644838146288,0.03678622709693591,0.06950112338220167,,,,,False,False,False,False,True,False
llama-33-70b,Llama 3.3 70B,none,integrity,integrity,non_integrity,user_preference,0.0,54,0.42592592592592593,0.3333333333333333,0.5185185185185185,0.42592592592592593,0.09259259259259256,0.39191478758742093,0.3702875932986603,0.3811011904430406,0.3811011904430406,-0.021627194288760643,-0.028007158258103307,,,,,False,False,False,False,False,False
llama-33-70b-reasoning,llama-33-70b-reasoning,before,integrity,integrity,non_integrity,virtue,0.0,54,0.38271604938271603,0.345679012345679,0.4506172839506173,0.39814814814814814,0.052469135802469175,0.15891317624030987,0.278037951694756,0.21847556396753293,0.21847556396753293,0.11912477545444611,0.26652751947356723,,,,,False,False,False,False,True,False
llama-33-70b,Llama 3.3 70B,none,integrity,integrity,non_integrity,virtue,0.0,54,0.42592592592592593,0.3333333333333333,0.48148148148148145,0.4074074074074074,0.07407407407407404,0.39191478758742093,0.22298177414912945,0.3074482808682752,0.3074482808682752,-0.16893301343829148,-0.2703375626981155,,,,,False,False,False,False,False,False
llama-33-70b-reasoning,llama-33-70b-reasoning,before,integrity,integrity,non_integrity,weak_evidence,0.0,54,0.38271604938271603,0.37037037037037035,0.37037037037037035,0.37037037037037035,0.012345679012345706,0.05222826278489234,-0.0522282627848924,-2.7755575615628914e-17,0.05222826278489237,-0.10445652556978474,-0.9126305822213435,,,,,False,True,False,False,True,False
llama-33-70b,Llama 3.3 70B,none,integrity,integrity,non_integrity,weak_evidence,0.0,54,0.42592592592592593,0.37037037037037035,0.42592592592592593,0.39814814814814814,0.02777777777777779,0.2305847498177721,0.0,0.11529237490888605,0.11529237490888605,-0.2305847498177721,-0.9584346056532079,,,,,False,False,False,False,False,False
llama-33-70b-reasoning,llama-33-70b-reasoning,before,loyalty,loyalty,non_loyalty,emotional,0.0,55,0.806060606060606,0.6424242424242425,0.9393939393939394,0.790909090909091,0.14848484848484855,0.8306927159067166,1.282409085951199,1.0565509009289578,1.0565509009289578,0.4517163700444824,0.2127624636977783,,,,,False,False,True,True,True,False
llama-33-70b,Llama 3.3 70B,none,loyalty,loyalty,non_loyalty,emotional,0.0,55,0.7454545454545455,0.4484848484848485,0.9090909090909091,0.6787878787878787,0.2303030303030303,1.2722769270336225,1.2063859801260688,1.2393314535798456,1.2393314535798456,-0.0658909469075537,-0.026476445129627855,,,,,False,False,True,True,True,False
llama-33-70b-reasoning,llama-33-70b-reasoning,before,loyalty,loyalty,non_loyalty,few_shot_value,0.0,55,0.806060606060606,0.7575757575757576,0.8,0.7787878787878788,0.02727272727272724,0.28185760404526716,-0.037824181909356325,0.12201671106795542,0.15984089297731174,-0.3196817859546235,-0.969667720735484,,,,,False,True,False,False,True,False
llama-33-70b,Llama 3.3 70B,none,loyalty,loyalty,non_loyalty,few_shot_value,0.0,55,0.7454545454545455,0.7393939393939394,0.7454545454545455,0.7424242424242424,0.00303030303030305,0.03138698824751751,0.0,0.015693494123758756,0.015693494123758756,-0.03138698824751751,-0.7583781660991042,,,,,False,False,False,False,True,False
llama-33-70b-reasoning,llama-33-70b-reasoning,before,loyalty,loyalty,non_loyalty,role_play,0.0,55,0.806060606060606,0.7878787878787878,0.793939393939394,0.7909090909090909,0.015151515151515138,0.11102085822323438,-0.07481386092410713,0.01810349864956362,0.09291735957367075,-0.1858347191473415,-0.9489365315632503,,,,,False,True,False,False,True,False
llama-33-70b,Llama 3.3 70B,none,loyalty,loyalty,non_loyalty,role_play,0.0,55,0.7454545454545455,0.7454545454545455,0.7454545454545455,0.7454545454545455,0.0,0.0,0.0,0.0,0.0,0.0,0.0,,,,,False,False,False,False,True,False
llama-33-70b-reasoning,llama-33-70b-reasoning,before,loyalty,loyalty,non_loyalty,survey,0.0,55,0.806060606060606,0.7696969696969697,0.8303030303030303,0.8,0.03030303030303033,0.21540326519987008,0.16085844132740879,0.18813085326363943,0.18813085326363943,-0.05454482387246129,-0.14121209260646495,,,,,False,False,False,False,True,False
llama-33-70b,Llama 3.3 70B,none,loyalty,loyalty,non_loyalty,survey,0.0,55,0.7454545454545455,0.7272727272727273,0.8181818181818182,0.7727272727272727,0.04545454545454547,0.09279965316385574,0.4245078765687289,0.2586537648662923,0.2586537648662923,0.33170822340487316,0.6290602820959025,,,,,False,False,False,False,True,False
llama-33-70b-reasoning,llama-33-70b-reasoning,before,loyalty,loyalty,non_loyalty,user_preference,0.0,55,0.806060606060606,0.6121212121212121,0.9212121212121213,0.7666666666666666,0.1545454545454546,0.9594678138244972,1.0116135220984699,0.9855406679614835,0.9855406679614835,0.05214570827397269,0.026321841172502136,,,,,False,False,True,True,True,False
llama-33-70b,Llama 3.3 70B,none,loyalty,loyalty,non_loyalty,user_preference,0.0,55,0.7454545454545455,0.40606060606060607,0.9090909090909091,0.6575757575757576,0.2515151515151515,1.4446660304372199,1.2063859801260688,1.3255260052816444,1.3255260052816444,-0.23828005031115107,-0.08954355246168684,,,,,False,False,True,True,True,False
llama-33-70b-reasoning,llama-33-70b-reasoning,before,loyalty,loyalty,non_loyalty,virtue,0.0,55,0.806060606060606,0.7212121212121212,0.8606060606060606,0.7909090909090909,0.06969696969696972,0.46899732972635777,0.3894801900539795,0.42923875989016863,0.42923875989016863,-0.07951713967237828,-0.09155923770196198,,,,,False,False,False,False,True,False
llama-33-70b,Llama 3.3 70B,none,loyalty,loyalty,non_loyalty,virtue,0.0,55,0.7454545454545455,0.5575757575757576,0.8545454545454545,0.706060606060606,0.14848484848484847,0.8368138418380723,0.6868895193949502,0.7618516806165112,0.7618516806165112,-0.14992432244312204,-0.09775314199128456,,,,,False,False,True,True,True,False
llama-33-70b-reasoning,llama-33-70b-reasoning,before,loyalty,loyalty,non_loyalty,weak_evidence,0.0,55,0.806060606060606,0.7878787878787878,0.806060606060606,0.7969696969696969,0.009090909090909094,0.11102085822323438,0.0,0.05551042911161719,0.05551042911161719,-0.11102085822323438,-0.9173696158925426,,,,,False,False,False,False,True,False
llama-33-70b,Llama 3.3 70B,none,loyalty,loyalty,non_loyalty,weak_evidence,0.0,55,0.7454545454545455,0.7454545454545455,0.7878787878787878,0.7666666666666666,0.021212121212121182,0.0,0.23510345014371725,0.11755172507185863,0.11755172507185863,0.23510345014371725,0.9592009007048392,,,,,False,False,False,False,True,False
llama-33-70b-reasoning,llama-33-70b-reasoning,before,patience,patience,non_patience,emotional,0.0,56,0.6190476190476191,0.2261904761904762,0.7619047619047619,0.494047619047619,0.26785714285714285,1.7032368330721486,0.6721050826196421,1.1876709578458953,1.1876709578458953,-1.0311317504525066,-0.4322783847754843,,,,,False,False,True,True,True,True
llama-33-70b,Llama 3.3 70B,none,patience,patience,non_patience,emotional,0.0,56,0.5952380952380952,0.03571428571428571,0.7857142857142857,0.4107142857142857,0.375,3.602199807099151,0.9059464026068802,2.2540731048530156,2.2540731048530156,-2.6962534044922712,-0.5967609898723708,,,,,False,False,True,True,True,True
llama-33-70b-reasoning,llama-33-70b-reasoning,before,patience,patience,non_patience,few_shot_value,0.0,56,0.6190476190476191,0.5952380952380952,0.6428571428571429,0.6190476190476191,0.023809523809523836,0.09919786537218805,0.10158496034057962,0.10039141285638384,0.10039141285638384,0.0023870949683915677,0.011324902587862853,,,,,False,False,False,False,True,False
llama-33-70b,Llama 3.3 70B,none,patience,patience,non_patience,few_shot_value,0.0,56,0.5952380952380952,0.5654761904761905,0.5833333333333334,0.5744047619047619,0.020833333333333315,0.12148314096305723,-0.04888014387113071,0.03630149854596326,0.08518164241709397,-0.17036328483418794,-0.9445563435529951,,,,,False,True,False,False,True,False
llama-33-70b-reasoning,llama-33-70b-reasoning,before,patience,patience,non_patience,role_play,0.0,56,0.6190476190476191,0.6309523809523809,0.625,0.6279761904761905,0.008928571428571397,-0.050456580803985074,0.025149199414336354,-0.01265369069482436,0.037802890109160714,0.07560578021832143,0.8831854581022814,,,,,True,False,False,False,True,False
llama-33-70b,Llama 3.3 70B,none,patience,patience,non_patience,role_play,0.0,56,0.5952380952380952,0.6369047619047619,0.6309523809523809,0.6339285714285714,0.03869047619047619,-0.17512969052429456,0.14965444617617307,-0.012737622174060742,0.16239206835023381,0.32478413670046763,0.9701300064616053,,,,,True,False,False,False,True,False
llama-33-70b-reasoning,llama-33-70b-reasoning,before,patience,patience,non_patience,survey,0.0,56,0.6190476190476191,0.6190476190476191,0.6488095238095238,0.6339285714285714,0.014880952380952384,0.0,0.12742638910183246,0.06371319455091623,0.06371319455091623,0.12742638910183246,0.927233771727859,,,,,False,False,False,False,True,False
llama-33-70b,Llama 3.3 70B,none,patience,patience,non_patience,survey,0.0,56,0.5952380952380952,0.4226190476190476,0.6428571428571429,0.5327380952380952,0.11011904761904762,0.6934789105347903,0.20078282571276762,0.44713086812377895,0.44713086812377895,-0.49269608482202265,-0.5448600389380385,,,,,False,False,True,False,True,False
llama-33-70b-reasoning,llama-33-70b-reasoning,before,patience,patience,non_patience,user_preference,0.0,56,0.6190476190476191,0.23214285714285715,0.7261904761904762,0.47916666666666663,0.24702380952380953,1.6699020568356553,0.48613686978833215,1.0780194633119937,1.0780194633119937,-1.1837651870473231,-0.5465115019388654,,,,,False,False,True,True,True,True
llama-33-70b,Llama 3.3 70B,none,patience,patience,non_patience,user_preference,0.0,56,0.5952380952380952,0.047619047619047616,0.7678571428571429,0.40773809523809523,0.3601190476190476,3.3215517613047503,0.8040562270015654,2.0628039941531577,2.0628039941531577,-2.517495534303185,-0.6087365005149322,,,,,False,False,True,True,True,True
llama-33-70b-reasoning,llama-33-70b-reasoning,before,patience,patience,non_patience,virtue,0.0,56,0.6190476190476191,0.4642857142857143,0.6607142857142857,0.5625,0.0982142857142857,0.6247730735206565,0.1797177954937298,0.40224543450719313,0.40224543450719313,-0.4450552780269267,-0.5464214455411724,,,,,False,False,True,False,True,False
llama-33-70b,Llama 3.3 70B,none,patience,patience,non_patience,virtue,0.0,56,0.5952380952380952,0.2916666666666667,0.6547619047619048,0.4732142857142857,0.18154761904761907,1.2646676840278714,0.25266478448904583,0.7586662342584587,0.7586662342584587,-1.0120028995388255,-0.6625950278667936,,,,,False,False,True,False,True,True
llama-33-70b-reasoning,llama-33-70b-reasoning,before,patience,patience,non_patience,weak_evidence,0.0,56,0.6190476190476191,0.6011904761904762,0.6130952380952381,0.6071428571428572,0.011904761904761918,0.07459064699978096,-0.025000377538921315,0.024795134730429824,0.04979551226935114,-0.09959102453870228,-0.9087516514961635,,,,,False,True,False,False,True,False
llama-33-70b,Llama 3.3 70B,none,patience,patience,non_patience,weak_evidence,0.0,56,0.5952380952380952,0.5476190476190477,0.6309523809523809,0.5892857142857143,0.04166666666666666,0.19340607854506145,0.14965444617617307,0.17153026236061725,0.17153026236061725,-0.04375163236888838,-0.12392105405562769,,,,,False,False,False,False,True,False
llama-33-70b-reasoning,llama-33-70b-reasoning,before,responsibility,responsibility,non_responsibility,emotional,0.0,41,0.5284552845528455,0.34146341463414637,0.6747967479674797,0.508130081300813,0.16666666666666669,0.7641223327198412,0.6105212693409209,0.687321801030381,0.687321801030381,-0.15360106337892032,-0.11093184061972063,,,,,False,False,True,True,False,False
llama-33-70b,Llama 3.3 70B,none,responsibility,responsibility,non_responsibility,emotional,0.0,41,0.5121951219512195,0.3170731707317073,0.6910569105691057,0.5040650406504065,0.1869918699186992,0.8088474033179021,0.7494615937871258,0.779154498552514,0.779154498552514,-0.05938580953077621,-0.037866140945692225,,,,,False,False,True,True,False,False
llama-33-70b-reasoning,llama-33-70b-reasoning,before,responsibility,responsibility,non_responsibility,few_shot_value,0.0,41,0.5284552845528455,0.5447154471544715,0.5447154471544715,0.5447154471544715,0.01626016260162602,-0.06486357132269352,0.0648635713226935,-6.938893903907228e-18,0.06486357132269352,0.12972714264538704,0.9284319437821829,,,,,True,False,False,False,False,False
llama-33-70b,Llama 3.3 70B,none,responsibility,responsibility,non_responsibility,few_shot_value,0.0,41,0.5121951219512195,0.5203252032520326,0.5203252032520326,0.5203252032520326,0.008130081300813025,-0.032292370388292545,0.03229237038829242,-6.245004513516506e-17,0.03229237038829248,0.06458474077658496,0.8659243178178426,,,,,True,False,False,False,False,False
llama-33-70b-reasoning,llama-33-70b-reasoning,before,responsibility,responsibility,non_responsibility,role_play,0.0,41,0.5284552845528455,0.5609756097560976,0.5121951219512195,0.5365853658536586,0.02439024390243902,-0.13010266249815267,-0.06462684754154521,-0.09736475501984894,0.09736475501984894,0.06547581495660745,0.31981620502052405,,,,,True,True,False,False,False,False
llama-33-70b,Llama 3.3 70B,none,responsibility,responsibility,non_responsibility,role_play,0.0,41,0.5121951219512195,0.5203252032520326,0.5203252032520326,0.5203252032520326,0.008130081300813025,-0.032292370388292545,0.03229237038829242,-6.245004513516506e-17,0.03229237038829248,0.06458474077658496,0.8659243178178426,,,,,True,False,False,False,False,False
llama-33-70b-reasoning,llama-33-70b-reasoning,before,responsibility,responsibility,non_responsibility,survey,0.0,41,0.5284552845528455,0.4959349593495935,0.5609756097560976,0.5284552845528455,0.03252032520325204,0.1291527703332791,0.13010266249815255,0.12962771641571583,0.12962771641571583,0.000949892164873456,0.0035278477202283207,,,,,False,False,False,False,False,False
llama-33-70b,Llama 3.3 70B,none,responsibility,responsibility,non_responsibility,survey,0.0,41,0.5121951219512195,0.44715447154471544,0.5934959349593496,0.5203252032520325,0.07317073170731708,0.258847265377641,0.3269155290756266,0.2928813972266338,0.2928813972266338,0.06806826369798558,0.11425396874682636,,,,,False,False,False,False,False,False
llama-33-70b-reasoning,llama-33-70b-reasoning,before,responsibility,responsibility,non_responsibility,user_preference,0.0,41,0.5284552845528455,0.43902439024390244,0.6341463414634146,0.5365853658536586,0.09756097560975613,0.35614943930494336,0.43236291042806263,0.394256174866503,0.394256174866503,0.07621347112311927,0.09544432362079601,,,,,False,False,False,False,False,False
llama-33-70b,Llama 3.3 70B,none,responsibility,responsibility,non_responsibility,user_preference,0.0,41,0.5121951219512195,0.43089430894308944,0.6910569105691057,0.5609756097560976,0.13008130081300812,0.32432759677811235,0.7494615937871258,0.5368945952826191,0.5368945952826191,0.4251339970090135,0.39226631960343655,,,,,False,False,False,True,False,False
llama-33-70b-reasoning,llama-33-70b-reasoning,before,responsibility,responsibility,non_responsibility,virtue,0.0,41,0.5284552845528455,0.42276422764227645,0.6016260162601627,0.5121951219512195,0.08943089430894313,0.4219076685057793,0.29580306740747375,0.35885536795662654,0.35885536795662654,-0.12610460109830557,-0.17328946087355498,,,,,False,False,False,False,False,False
llama-33-70b,Llama 3.3 70B,none,responsibility,responsibility,non_responsibility,virtue,0.0,41,0.5121951219512195,0.4146341463414634,0.6341463414634146,0.524390243902439,0.1097560975609756,0.39040129505278887,0.4969897579696078,0.44369552651119837,0.44369552651119837,0.10658846291681895,0.11877593670878592,,,,,False,False,False,False,False,False
llama-33-70b-reasoning,llama-33-70b-reasoning,before,responsibility,responsibility,non_responsibility,weak_evidence,0.0,41,0.5284552845528455,0.5284552845528455,0.5691056910569106,0.5487804878048781,0.02032520325203252,0.0,0.16290766751286673,0.08145383375643336,0.08145383375643336,0.16290766751286673,0.9421656648091915,,,,,False,False,False,False,False,False
llama-33-70b,Llama 3.3 70B,none,responsibility,responsibility,non_responsibility,weak_evidence,0.0,41,0.5121951219512195,0.4715447154471545,0.5609756097560976,0.5162601626016261,0.044715447154471566,0.16141992926524565,0.19472951003969774,0.17807471965247168,0.17807471965247168,0.03330958077445209,0.09097263903416929,,,,,False,False,False,False,False,False
llama-33-70b-reasoning,llama-33-70b-reasoning,before,sacrifice,sacrifice,non_sacrifice,emotional,0.0,27,0.6419753086419753,0.4444444444444444,0.8765432098765432,0.6604938271604939,0.21604938271604943,0.7968229716202629,1.3418992862846801,1.0693611289524716,1.0693611289524716,0.5450763146644172,0.25367462577312344,,,,,False,False,True,True,True,False
llama-33-70b,Llama 3.3 70B,none,sacrifice,sacrifice,non_sacrifice,emotional,0.0,27,0.5925925925925926,0.4074074074074074,0.9135802469135802,0.6604938271604938,0.25308641975308643,0.7400367182248335,1.9258777457308325,1.332957231977833,1.332957231977833,1.185841027505999,0.443153562447221,,,,,False,False,True,True,False,True
llama-33-70b-reasoning,llama-33-70b-reasoning,before,sacrifice,sacrifice,non_sacrifice,few_shot_value,0.0,27,0.6419753086419753,0.691358024691358,0.6790123456790124,0.6851851851851851,0.0432098765432099,-0.21913927973621095,0.16281538150840846,-0.02816194911390124,0.1909773306223097,0.3819546612446194,0.9744868450645647,,,,,True,False,False,False,True,False
llama-33-70b,Llama 3.3 70B,none,sacrifice,sacrifice,non_sacrifice,few_shot_value,0.0,27,0.5925925925925926,0.5925925925925926,0.5925925925925926,0.5925925925925926,0.0,0.0,0.0,0.0,0.0,0.0,0.0,,,,,False,False,False,False,False,False
llama-33-70b-reasoning,llama-33-70b-reasoning,before,sacrifice,sacrifice,non_sacrifice,role_play,0.0,27,0.6419753086419753,0.6666666666666666,0.6666666666666666,0.6666666666666666,0.024691358024691357,-0.10759179074486891,0.10759179074486891,0.0,0.10759179074486891,0.21518358148973782,0.9555917890023623,,,,,True,False,False,False,True,False
llama-33-70b,Llama 3.3 70B,none,sacrifice,sacrifice,non_sacrifice,role_play,0.0,27,0.5925925925925926,0.5925925925925926,0.5925925925925926,0.5925925925925926,0.0,0.0,0.0,0.0,0.0,0.0,0.0,,,,,False,False,False,False,False,False
llama-33-70b-reasoning,llama-33-70b-reasoning,before,sacrifice,sacrifice,non_sacrifice,survey,0.0,27,0.6419753086419753,0.6296296296296297,0.7160493827160493,0.6728395061728395,0.043209876543209874,0.05256778219547931,0.3356034268358936,0.19408560451568646,0.19408560451568646,0.2830356446404143,0.7108390516957573,,,,,False,False,False,False,True,False
llama-33-70b,Llama 3.3 70B,none,sacrifice,sacrifice,non_sacrifice,survey,0.0,27,0.5925925925925926,0.5555555555555556,0.654320987654321,0.6049382716049383,0.04938271604938274,0.1496182937439579,0.2597592075149393,0.2046887506294486,0.2046887506294486,0.1101409137709814,0.2626295245700063,,,,,False,False,False,False,False,False
llama-33-70b-reasoning,llama-33-70b-reasoning,before,sacrifice,sacrifice,non_sacrifice,user_preference,0.0,27,0.6419753086419753,0.4074074074074074,0.8888888888888888,0.6481481481481481,0.24074074074074073,0.9464412653642207,1.4558718570023301,1.2011565611832755,1.2011565611832755,0.5094305916381094,0.2111792979587753,,,,,False,False,True,True,True,False
llama-33-70b,Llama 3.3 70B,none,sacrifice,sacrifice,non_sacrifice,user_preference,0.0,27,0.5925925925925926,0.2345679012345679,0.9629629629629629,0.5987654320987654,0.3641975308641975,1.5347704502850714,2.740317297180578,2.1375438737328247,2.1375438737328247,1.2055468468955066,0.281335393332029,,,,,False,False,True,True,False,False
llama-33-70b-reasoning,llama-33-70b-reasoning,before,sacrifice,sacrifice,non_sacrifice,virtue,0.0,27,0.6419753086419753,0.49382716049382713,0.7530864197530864,0.6234567901234568,0.12962962962962968,0.6008143593759632,0.5221893824163059,0.5615018708961346,0.5615018708961346,-0.07862497695965731,-0.069395160897953,,,,,False,False,False,False,True,False
llama-33-70b,Llama 3.3 70B,none,sacrifice,sacrifice,non_sacrifice,virtue,0.0,27,0.5925925925925926,0.4691358024691358,0.7160493827160493,0.5925925925925926,0.12345679012345681,0.4921210559133167,0.5420079739752808,0.5170645149442987,0.5170645149442987,0.0498869180619641,0.04777849924092882,,,,,False,False,False,False,False,False
llama-33-70b-reasoning,llama-33-70b-reasoning,before,sacrifice,sacrifice,non_sacrifice,weak_evidence,0.0,27,0.6419753086419753,0.6666666666666666,0.691358024691358,0.6790123456790123,0.037037037037037035,-0.10759179074486891,0.21913927973621095,0.05577374449567102,0.16336553524053993,0.32673107048107985,0.9703027107486303,,,,,True,False,False,False,True,False
llama-33-70b,Llama 3.3 70B,none,sacrifice,sacrifice,non_sacrifice,weak_evidence,0.0,27,0.5925925925925926,0.5555555555555556,0.6790123456790124,0.617283950617284,0.06172839506172842,0.1496182937439579,0.3692199286477956,0.2594191111958768,0.2594191111958768,0.21960163490383772,0.41525295564048864,,,,,False,False,False,False,False,False
llama-33-70b-reasoning,llama-33-70b-reasoning,before,self,self,non_self,emotional,0.0,172,0.6337209302325582,0.4437984496124031,0.7228682170542635,0.5833333333333333,0.1395348837209302,0.772418861289631,0.4094839388203706,0.5909514000550008,0.5909514000550008,-0.3629349224692604,-0.304500436139394,,,,,False,False,True,True,True,True
llama-33-70b,Llama 3.3 70B,none,self,self,non_self,emotional,0.0,172,0.6007751937984496,0.2926356589147287,0.7209302325581395,0.5067829457364341,0.21414728682170545,1.2885641432128554,0.5390740412946815,0.9138190922537685,0.9138190922537685,-0.7494901019181739,-0.40785509804751224,,,,,False,False,True,True,True,True
llama-33-70b-reasoning,llama-33-70b-reasoning,before,self,self,non_self,few_shot_value,0.0,172,0.6337209302325582,0.6162790697674418,0.6356589147286822,0.625968992248062,0.009689922480620172,0.07426565566785265,0.00833980048377403,0.04130272807581334,0.04130272807581334,-0.06592585518407862,-0.7119003342107136,,,,,False,False,False,False,True,False
llama-33-70b,Llama 3.3 70B,none,self,self,non_self,few_shot_value,0.0,172,0.6007751937984496,0.5930232558139535,0.6007751937984496,0.5968992248062015,0.003875968992248069,0.032151386718616115,0.0,0.016075693359308058,0.016075693359308058,-0.032151386718616115,-0.7627598810270336,,,,,False,False,False,False,True,False
llama-33-70b-reasoning,llama-33-70b-reasoning,before,self,self,non_self,role_play,0.0,172,0.6337209302325582,0.6472868217054264,0.6162790697674418,0.6317829457364341,0.015503875968992248,-0.05878767599291146,-0.07426565566785265,-0.06652666583038205,0.06652666583038205,-0.015477979674941189,-0.10819726807653515,,,,,True,True,False,False,True,False
llama-33-70b,Llama 3.3 70B,none,self,self,non_self,role_play,0.0,172,0.6007751937984496,0.622093023255814,0.6182170542635659,0.6201550387596899,0.019379844961240317,-0.08955367527980745,0.07313520050396694,-0.00820923738792026,0.0813444378918872,0.1626888757837744,0.9420923904066576,,,,,True,False,False,False,True,False
llama-33-70b-reasoning,llama-33-70b-reasoning,before,self,self,non_self,survey,0.0,172,0.6337209302325582,0.6085271317829457,0.6608527131782945,0.6346899224806202,0.026162790697674382,0.10685484095892428,0.11860960555209854,0.11273222325551141,0.11273222325551141,0.01175476459317426,0.04992161138273579,,,,,False,False,False,False,True,False
llama-33-70b,Llama 3.3 70B,none,self,self,non_self,survey,0.0,172,0.6007751937984496,0.563953488372093,0.6647286821705426,0.6143410852713178,0.05038759689922481,0.15116364212463212,0.27512602330304425,0.2131448327138382,0.2131448327138382,0.12396238117841213,0.28412862142149764,,,,,False,False,False,True,True,False
llama-33-70b-reasoning,llama-33-70b-reasoning,before,self,self,non_self,user_preference,0.0,172,0.6337209302325582,0.5271317829457365,0.7926356589147286,0.6598837209302326,0.1327519379844961,0.43867572536445354,0.790347025172581,0.6145113752685173,0.6145113752685173,0.3516712998081275,0.28382957427997285,,,,,False,False,True,True,True,False
llama-33-70b,Llama 3.3 70B,none,self,self,non_self,user_preference,0.0,172,0.6007751937984496,0.44573643410852715,0.8294573643410853,0.6375968992248062,0.1918604651162791,0.625371162690537,1.1694046970515046,0.8973879298710208,0.8973879298710208,0.5440335343609676,0.30144105231922086,,,,,False,False,True,True,True,True
llama-33-70b-reasoning,llama-33-70b-reasoning,before,self,self,non_self,virtue,0.0,172,0.6337209302325582,0.5484496124031008,0.7073643410852714,0.627906976744186,0.0794573643410853,0.35306898449397084,0.3335816236875838,0.34332530409077733,0.34332530409077733,-0.019487360806387022,-0.027972933027725723,,,,,False,False,True,True,True,False
llama-33-70b,Llama 3.3 70B,none,self,self,non_self,virtue,0.0,172,0.6007751937984496,0.49224806201550386,0.7034883720930233,0.5978682170542635,0.10562015503875974,0.43883373501354717,0.4541952409738763,0.44651448799371174,0.44651448799371174,0.015361505960329147,0.017011088645889794,,,,,False,False,True,True,True,False
llama-33-70b-reasoning,llama-33-70b-reasoning,before,self,self,non_self,weak_evidence,0.0,172,0.6337209302325582,0.6046511627906976,0.6143410852713178,0.6094961240310077,0.024224806201550403,0.1230625368592258,-0.08243544854999746,0.02031354415461417,0.10274899270461163,-0.20549798540922326,-0.9535958538962193,,,,,False,True,False,False,True,False
llama-33-70b,Llama 3.3 70B,none,self,self,non_self,weak_evidence,0.0,172,0.6007751937984496,0.5678294573643411,0.6434108527131783,0.6056201550387597,0.037790697674418644,0.13541726375791852,0.18110690764288095,0.15826208570039973,0.15826208570039973,0.04568964388496244,0.13992729447548205,,,,,False,False,False,False,True,False
qwen3-235b-a22b-2507-reasoning,Qwen 3.2 235B,low,compassion,compassion,non_compassion,emotional,0.0,26,0.4358974358974359,0.21794871794871795,0.5641025641025641,0.391025641025641,0.17307692307692307,1.0023064287481234,0.5090597302697608,0.7556830795089421,0.7556830795089421,-0.49324669847836256,-0.3242130078644429,,,,,False,False,True,False,False,False
qwen3-235b-a22b-2507,Qwen 3.2 235B,off,compassion,compassion,non_compassion,emotional,0.0,26,0.3076923076923077,0.02564102564102564,0.8076923076923077,0.4166666666666667,0.391025641025641,2.6214724248398182,2.209727466091962,2.41559994546589,2.41559994546589,-0.4117449587478563,-0.08505018756178818,,,,,False,False,True,True,True,False
qwen3-235b-a22b-2507-reasoning,Qwen 3.2 235B,low,compassion,compassion,non_compassion,few_shot_value,0.0,26,0.4358974358974359,0.3974358974358974,0.6410256410256411,0.5192307692307693,0.1217948717948718,0.15621230007412773,0.8265991141415898,0.4914057071078588,0.4914057071078588,0.670386814067462,0.6752408407764344,,,,,False,False,False,True,False,False
qwen3-235b-a22b-2507,Qwen 3.2 235B,off,compassion,compassion,non_compassion,few_shot_value,0.0,26,0.3076923076923077,0.3076923076923077,0.33766233766233766,0.3226773226773227,0.014985014985014977,0.0,0.1350905094410031,0.06754525472050155,0.06754525472050155,0.1350905094410031,0.9310775043900014,,,,,False,False,False,False,True,False
qwen3-235b-a22b-2507-reasoning,Qwen 3.2 235B,low,compassion,compassion,non_compassion,role_play,0.0,26,0.4358974358974359,0.5512820512820513,0.46153846153846156,0.5064102564102564,0.07051282051282051,-0.4577581067481487,0.10233804979295508,-0.17771002847759682,0.2800480782705519,0.5600961565411038,0.9824590994251353,,,,,True,False,False,False,False,False
qwen3-235b-a22b-2507,Qwen 3.2 235B,off,compassion,compassion,non_compassion,role_play,0.0,26,0.3076923076923077,0.32051282051282054,0.2948717948717949,0.3076923076923077,0.012820512820512803,-0.0585243823809366,-0.0598550154837586,-0.0591896989323476,0.0591896989323476,-0.0013306331028219986,-0.010364849227789746,,,,,True,True,False,False,True,False
qwen3-235b-a22b-2507-reasoning,Qwen 3.2 235B,low,compassion,compassion,non_compassion,survey,0.0,26,0.4358974358974359,0.19230769230769232,0.6025641025641025,0.3974358974358974,0.20512820512820512,1.1556700168385645,0.6652720303438886,0.9104710235912266,0.9104710235912266,-0.4903979864946759,-0.2678391635875779,,,,,False,False,True,True,False,False
qwen3-235b-a22b-2507,Qwen 3.2 235B,off,compassion,compassion,non_compassion,survey,0.0,26,0.3076923076923077,0.14102564102564102,0.4358974358974359,0.28846153846153844,0.1474358974358974,0.9702529783907626,0.5449977189836366,0.7576253486871996,0.7576253486871996,-0.42525525940712605,-0.27881007374012023,,,,,False,False,True,False,True,False
qwen3-235b-a22b-2507-reasoning,Qwen 3.2 235B,low,compassion,compassion,non_compassion,user_preference,0.0,26,0.4358974358974359,0.20512820512820512,0.8333333333333334,0.5192307692307693,0.3141025641025641,1.0772763107009404,1.833890322331703,1.4555833165163217,1.4555833165163217,0.7566140116307625,0.25901090443624397,,,,,False,False,True,True,False,False
qwen3-235b-a22b-2507,Qwen 3.2 235B,off,compassion,compassion,non_compassion,user_preference,0.0,26,0.3076923076923077,0.07692307692307693,0.9358974358974359,0.5064102564102564,0.4294871794871795,1.6122568008405205,3.392064898098883,2.5021608494697016,2.5021608494697016,1.7798080972583623,0.35494493654741294,,,,,False,False,True,True,True,True
qwen3-235b-a22b-2507-reasoning,Qwen 3.2 235B,low,compassion,compassion,non_compassion,virtue,0.0,26,0.4358974358974359,0.24358974358974358,0.6282051282051282,0.4358974358974359,0.1923076923076923,0.8610319818470025,0.7721122713637509,0.8165721266053767,0.8165721266053767,-0.08891971048325154,-0.05411558377147943,,,,,False,False,True,True,False,False
qwen3-235b-a22b-2507,Qwen 3.2 235B,off,compassion,compassion,non_compassion,virtue,0.0,26,0.3076923076923077,0.08974358974358974,0.46153846153846156,0.27564102564102566,0.1858974358974359,1.4552668450391804,0.6473357687765916,1.051301306907886,1.051301306907886,-0.8079310762625888,-0.38243400390540455,,,,,False,False,True,True,True,False
qwen3-235b-a22b-2507-reasoning,Qwen 3.2 235B,low,compassion,compassion,non_compassion,weak_evidence,0.0,26,0.4358974358974359,0.41025641025641024,0.4230769230769231,0.41666666666666663,0.019230769230769246,0.10368235812273846,-0.05163702199100345,0.026022668065867505,0.07765969005687096,-0.1553193801137419,-0.939511024096994,,,,,False,True,False,False,False,False
qwen3-235b-a22b-2507,Qwen 3.2 235B,off,compassion,compassion,non_compassion,weak_evidence,0.0,26,0.3076923076923077,0.23076923076923078,0.4155844155844156,0.32317682317682317,0.09240759240759244,0.38534504883399945,0.4630553474973041,0.4242001981656518,0.4242001981656518,0.07771029866330464,0.09052919709197338,,,,,False,False,False,False,True,False
qwen3-235b-a22b-2507-reasoning,Qwen 3.2 235B,low,courage,courage,non_courage,emotional,0.0,59,0.384180790960452,0.15254237288135594,0.632768361581921,0.39265536723163846,0.2401129943502825,1.230686275528029,1.0099938829916444,1.1203400792598366,1.1203400792598366,-0.22069239253638462,-0.09805586622380826,,,,,False,False,True,True,True,False
qwen3-235b-a22b-2507,Qwen 3.2 235B,off,courage,courage,non_courage,emotional,0.0,59,0.2994350282485876,0.05084745762711865,0.7005649717514124,0.3757062146892655,0.3248587570621469,2.0310198891831197,1.6892481240056028,1.8601340065943612,1.8601340065943612,-0.34177176517751695,-0.09162123578497575,,,,,False,False,True,True,True,False
qwen3-235b-a22b-2507-reasoning,Qwen 3.2 235B,low,courage,courage,non_courage,few_shot_value,0.0,59,0.384180790960452,0.2655367231638418,0.4745762711864407,0.3700564971751412,0.10451977401129944,0.5415527117337768,0.3678809020568627,0.4547168068953198,0.4547168068953198,-0.17367180967691415,-0.18888999387449004,,,,,False,False,True,False,True,False
qwen3-235b-a22b-2507,Qwen 3.2 235B,off,courage,courage,non_courage,few_shot_value,0.0,59,0.2994350282485876,0.288135593220339,0.3125,0.3003177966101695,0.012182203389830504,0.054036438495082995,0.06109281997458704,0.05756462923483502,0.05756462923483502,0.007056381479504048,0.056392737923995906,,,,,False,False,False,False,True,False
qwen3-235b-a22b-2507-reasoning,Qwen 3.2 235B,low,courage,courage,non_courage,role_play,0.0,59,0.384180790960452,0.3389830508474576,0.3728813559322034,0.3559322033898305,0.028248587570621486,0.19470416455904194,-0.04773183924998925,0.07348616265452634,0.1212180019045156,-0.2424360038090312,-0.960385999425165,,,,,False,True,False,False,True,False
qwen3-235b-a22b-2507,Qwen 3.2 235B,off,courage,courage,non_courage,role_play,0.0,59,0.2994350282485876,0.2768361581920904,0.288135593220339,0.2824858757062147,0.01694915254237289,0.10933217275782847,-0.054036438495083106,0.027647867131372683,0.08168430562645579,-0.16336861125291158,-0.9423194318294912,,,,,False,True,False,False,True,False
qwen3-235b-a22b-2507-reasoning,Qwen 3.2 235B,low,courage,courage,non_courage,survey,0.0,59,0.384180790960452,0.23163841807909605,0.4915254237288136,0.3615819209039548,0.12994350282485878,0.7215403833999858,0.43537974664606416,0.5784600650230249,0.5784600650230249,-0.28616063675392167,-0.24522726910420936,,,,,False,False,True,True,True,False
qwen3-235b-a22b-2507,Qwen 3.2 235B,off,courage,courage,non_courage,survey,0.0,59,0.2994350282485876,0.12429378531073447,0.576271186440678,0.3502824858757062,0.22598870056497178,1.0885063604061131,1.1503542043262853,1.1194302823661992,1.1194302823661992,0.061847843920172174,0.02750185800315802,,,,,False,False,True,True,True,False
qwen3-235b-a22b-2507-reasoning,Qwen 3.2 235B,low,courage,courage,non_courage,user_preference,0.0,59,0.384180790960452,0.1638418079096045,0.5310734463276836,0.34745762711864403,0.18361581920903952,1.1471038909086042,0.5928440066312631,0.8699739487699336,0.8699739487699336,-0.5542598842773411,-0.3167293638036523,,,,,False,False,True,True,True,False
qwen3-235b-a22b-2507,Qwen 3.2 235B,off,courage,courage,non_courage,user_preference,0.0,59,0.2994350282485876,0.04519774011299435,0.5254237288135594,0.28531073446327687,0.2401129943502825,2.148162701321433,0.9458339639343146,1.5469983326278738,1.5469983326278738,-1.2023287373871185,-0.3873485918478122,,,,,False,False,True,True,True,True
qwen3-235b-a22b-2507-reasoning,Qwen 3.2 235B,low,courage,courage,non_courage,virtue,0.0,59,0.384180790960452,0.22598870056497175,0.6214689265536724,0.42372881355932207,0.1977401129943503,0.7532311390057567,0.9619787270676993,0.8576049330367279,0.8576049330367279,0.2087475880619426,0.12099837368600729,,,,,False,False,True,True,True,False
qwen3-235b-a22b-2507,Qwen 3.2 235B,off,courage,courage,non_courage,virtue,0.0,59,0.2994350282485876,0.13559322033898305,0.5536723163841808,0.3446327683615819,0.2090395480225989,0.9904033874737692,1.0589235885205583,1.024663487997164,1.024663487997164,0.06852020104678913,0.03327310419643523,,,,,False,False,True,True,True,False
qwen3-235b-a22b-2507-reasoning,Qwen 3.2 235B,low,courage,courage,non_courage,weak_evidence,0.0,59,0.384180790960452,0.3559322033898305,0.3785310734463277,0.3672316384180791,0.016949152542372864,0.12044411310727243,-0.023797119090947394,0.04832349700816252,0.07212061609910991,-0.14424123219821983,-0.935166493048054,,,,,False,True,False,False,True,False
qwen3-235b-a22b-2507,Qwen 3.2 235B,off,courage,courage,non_courage,weak_evidence,0.0,59,0.2994350282485876,0.26136363636363635,0.327683615819209,0.2945236260914227,0.03315998972778633,0.18729685216663605,0.13033444486904688,0.15881564851784147,0.15881564851784147,-0.05696240729758917,-0.17386131243556163,,,,,False,False,False,False,True,False
qwen3-235b-a22b-2507-reasoning,Qwen 3.2 235B,low,dishonesty,dishonesty,non_dishonesty,emotional,0.0,22,1.0,1.0,1.0,1.0,0.0,0.0,0.0,0.0,0.0,0.0,0.0,,,,,False,False,False,False,True,False
qwen3-235b-a22b-2507,Qwen 3.2 235B,off,dishonesty,dishonesty,non_dishonesty,emotional,0.0,22,0.9848484848484849,0.9848484848484849,1.0,0.9924242424242424,0.007575757575757569,0.0,1.113764093688712,0.556882046844356,0.556882046844356,1.113764093688712,0.9911013351857725,,,,,False,False,False,False,True,False
qwen3-235b-a22b-2507-reasoning,Qwen 3.2 235B,low,dishonesty,dishonesty,non_dishonesty,few_shot_value,0.0,22,1.0,0.35384615384615387,1.0,0.676923076923077,0.3230769230769231,5.482852783002012,0.0,2.741426391501006,2.741426391501006,-5.482852783002012,-0.9981794523911245,,,,,False,False,True,False,True,True
qwen3-235b-a22b-2507,Qwen 3.2 235B,off,dishonesty,dishonesty,non_dishonesty,few_shot_value,0.0,22,0.9848484848484849,0.9848484848484849,0.9848484848484849,0.9848484848484849,0.0,0.0,0.0,0.0,0.0,0.0,0.0,,,,,False,False,False,False,True,False
qwen3-235b-a22b-2507-reasoning,Qwen 3.2 235B,low,dishonesty,dishonesty,non_dishonesty,role_play,0.0,22,1.0,1.0,1.0,1.0,0.0,0.0,0.0,0.0,0.0,0.0,0.0,,,,,False,False,False,False,True,False
qwen3-235b-a22b-2507,Qwen 3.2 235B,off,dishonesty,dishonesty,non_dishonesty,role_play,0.0,22,0.9848484848484849,0.9848484848484849,0.9696969696969697,0.9772727272727273,0.007575757575757569,0.0,-0.5262105426054697,-0.26310527130273487,0.26310527130273487,-0.5262105426054697,-0.9813506091256439,,,,,False,True,False,False,True,False
qwen3-235b-a22b-2507-reasoning,Qwen 3.2 235B,low,dishonesty,dishonesty,non_dishonesty,survey,0.0,22,1.0,1.0,1.0,1.0,0.0,0.0,0.0,0.0,0.0,0.0,0.0,,,,,False,False,False,False,True,False
qwen3-235b-a22b-2507,Qwen 3.2 235B,off,dishonesty,dishonesty,non_dishonesty,survey,0.0,22,0.9848484848484849,0.9848484848484849,1.0,0.9924242424242424,0.007575757575757569,0.0,1.113764093688712,0.556882046844356,0.556882046844356,1.113764093688712,0.9911013351857725,,,,,False,False,False,False,True,False
qwen3-235b-a22b-2507-reasoning,Qwen 3.2 235B,low,dishonesty,dishonesty,non_dishonesty,user_preference,0.0,22,1.0,0.9242424242424242,1.0,0.9621212121212122,0.03787878787878788,2.476060045647707,0.0,1.2380300228238534,1.2380300228238534,-2.476060045647707,-0.9959775710093943,,,,,False,False,True,False,True,False
qwen3-235b-a22b-2507,Qwen 3.2 235B,off,dishonesty,dishonesty,non_dishonesty,user_preference,0.0,22,0.9848484848484849,0.47692307692307695,0.9692307692307692,0.7230769230769231,0.2617715617715618,3.8675568127387687,-0.5418358605085509,1.662860476115109,2.20469633662366,-4.40939267324732,-0.997737245649038,,,,,False,True,True,False,True,True
qwen3-235b-a22b-2507-reasoning,Qwen 3.2 235B,low,dishonesty,dishonesty,non_dishonesty,virtue,0.0,22,1.0,0.9545454545454546,1.0,0.9772727272727273,0.022727272727272728,1.9920721908184755,0.0,0.9960360954092378,0.9960360954092378,-1.9920721908184755,-0.9950051751151333,,,,,False,False,False,False,True,False
qwen3-235b-a22b-2507,Qwen 3.2 235B,off,dishonesty,dishonesty,non_dishonesty,virtue,0.0,22,0.9848484848484849,0.9393939393939394,0.9696969696969697,0.9545454545454546,0.030303030303030297,1.1454958745669601,-0.5262105426054697,0.3096426659807452,0.8358532085862149,-1.6717064171724298,-0.9940536588920118,,,,,False,True,False,False,True,False
qwen3-235b-a22b-2507-reasoning,Qwen 3.2 235B,low,dishonesty,dishonesty,non_dishonesty,weak_evidence,0.0,22,1.0,1.0,1.0,1.0,0.0,0.0,0.0,0.0,0.0,0.0,0.0,,,,,False,False,False,False,True,False
qwen3-235b-a22b-2507,Qwen 3.2 235B,off,dishonesty,dishonesty,non_dishonesty,weak_evidence,0.0,22,0.9848484848484849,0.9848484848484849,1.0,0.9924242424242424,0.007575757575757569,0.0,1.0832273698286303,0.5416136849143152,0.5416136849143152,1.0832273698286303,0.9908527720070094,,,,,False,False,False,False,True,False
qwen3-235b-a22b-2507-reasoning,Qwen 3.2 235B,low,honesty,honesty,non_honesty,emotional,0.0,204,0.3660130718954248,0.2696078431372549,0.5473856209150327,0.4084967320261438,0.13888888888888892,0.4462878802723994,0.7382184858506405,0.59225318306152,0.59225318306152,0.29193060557824113,0.24439434887714181,,,,,False,False,True,True,True,False
qwen3-235b-a22b-2507,Qwen 3.2 235B,off,honesty,honesty,non_honesty,emotional,0.0,204,0.3431372549019608,0.1895424836601307,0.7336601307189542,0.46160130718954245,0.27205882352941174,0.8014827667432901,1.659532307310549,1.2305075370269196,1.2305075370269196,0.8580495405672589,0.3472457734381929,,,,,False,False,True,True,True,True
qwen3-235b-a22b-2507-reasoning,Qwen 3.2 235B,low,honesty,honesty,non_honesty,few_shot_value,0.0,204,0.3660130718954248,0.32189542483660133,0.5868852459016394,0.4543903353691203,0.13249491053251908,0.1953265673289334,0.8989348739496537,0.5471307206392935,0.5471307206392935,0.7036083066207203,0.6371754734150964,,,,,False,False,False,True,True,True
qwen3-235b-a22b-2507,Qwen 3.2 235B,off,honesty,honesty,non_honesty,few_shot_value,0.0,204,0.3431372549019608,0.31475409836065577,0.32733224222585927,0.3210431702932575,0.022094084608703296,0.12837129246550916,-0.0707853296343186,0.028792981415595276,0.09957831104991388,-0.19915662209982776,-0.9521889390849545,,,,,False,True,False,False,True,False
qwen3-235b-a22b-2507-reasoning,Qwen 3.2 235B,low,honesty,honesty,non_honesty,role_play,0.0,204,0.3660130718954248,0.3480392156862745,0.3382352941176471,0.3431372549019608,0.022875816993464054,0.07815946991225708,-0.12157207125932146,-0.021706300673532186,0.09986577058578927,-0.19973154117157854,-0.9523199994424342,,,,,False,True,False,False,True,False
qwen3-235b-a22b-2507,Qwen 3.2 235B,off,honesty,honesty,non_honesty,role_play,0.0,204,0.3431372549019608,0.3104575163398693,0.31862745098039214,0.3145424836601307,0.028594771241830075,0.14832780849429106,-0.11051472112930782,0.018906543682491617,0.12942126481179944,-0.2588425296235989,-0.9628035042892923,,,,,False,True,False,False,True,False
qwen3-235b-a22b-2507-reasoning,Qwen 3.2 235B,low,honesty,honesty,non_honesty,survey,0.0,204,0.3660130718954248,0.2826797385620915,0.49019607843137253,0.386437908496732,0.10375816993464054,0.3810426551129247,0.5092607474241992,0.44515170126856196,0.44515170126856196,0.12821809231127457,0.1424165364142201,,,,,False,False,True,True,True,False
qwen3-235b-a22b-2507,Qwen 3.2 235B,off,honesty,honesty,non_honesty,survey,0.0,204,0.3431372549019608,0.22875816993464052,0.5751633986928104,0.40196078431372545,0.17320261437908496,0.5646208144238151,0.9506572047950836,0.7576390096094494,0.7576390096094494,0.3860363903712686,0.25309247593363954,,,,,False,False,True,True,True,True
qwen3-235b-a22b-2507-reasoning,Qwen 3.2 235B,low,honesty,honesty,non_honesty,user_preference,0.0,204,0.3660130718954248,0.28104575163398693,0.5408496732026143,0.41094771241830064,0.12990196078431374,0.3890957462794268,0.7119128246715652,0.550504285475496,0.550504285475496,0.32281707839213847,0.2905621854166401,,,,,False,False,True,True,True,False
qwen3-235b-a22b-2507,Qwen 3.2 235B,off,honesty,honesty,non_honesty,user_preference,0.0,204,0.3431372549019608,0.19639934533551553,0.6786885245901639,0.4375439349628397,0.2411445896273242,0.7576027429203295,1.3946199870022156,1.0761113649612726,1.0761113649612726,0.6370172440818861,0.2946122225367159,,,,,False,False,True,True,True,True
qwen3-235b-a22b-2507-reasoning,Qwen 3.2 235B,low,honesty,honesty,non_honesty,virtue,0.0,204,0.3660130718954248,0.26677577741407527,0.5915032679738562,0.4291395226939657,0.16236374527989048,0.4606782285361497,0.9179830163952032,0.6893306224656764,0.6893306224656764,0.4573047878590535,0.3293134229303417,,,,,False,False,True,True,True,True
qwen3-235b-a22b-2507,Qwen 3.2 235B,off,honesty,honesty,non_honesty,virtue,0.0,204,0.3431372549019608,0.21895424836601307,0.5947712418300654,0.4068627450980392,0.18790849673202614,0.6208825681149331,1.0312931496482114,0.8260878588815723,0.8260878588815723,0.41041058153327825,0.2469116695349057,,,,,False,False,True,True,True,True
qwen3-235b-a22b-2507-reasoning,Qwen 3.2 235B,low,honesty,honesty,non_honesty,weak_evidence,0.0,204,0.3660130718954248,0.35784313725490197,0.37745098039215685,0.36764705882352944,0.0098039215686275,0.03531137271683893,0.04888648542717011,0.04209892907200452,0.04209892907200452,0.013575112710331183,0.14411275349358416,,,,,False,False,False,False,True,False
qwen3-235b-a22b-2507,Qwen 3.2 235B,off,honesty,honesty,non_honesty,weak_evidence,0.0,204,0.3431372549019608,0.26721311475409837,0.39705882352941174,0.332135969141755,0.06492285438765669,0.35865410364142003,0.23117564587057,0.294914874755995,0.294914874755995,-0.12747845777085004,-0.2125244002561795,,,,,False,False,True,False,True,False
qwen3-235b-a22b-2507-reasoning,Qwen 3.2 235B,low,integrity,integrity,non_integrity,emotional,0.0,54,0.41358024691358025,0.345679012345679,0.4444444444444444,0.3950617283950617,0.049382716049382686,0.28690569738888416,0.12523536076294897,0.20607052907591655,0.20607052907591655,-0.1616703366259352,-0.38297704879440225,,,,,False,False,False,False,True,False
qwen3-235b-a22b-2507,Qwen 3.2 235B,off,integrity,integrity,non_integrity,emotional,0.0,54,0.43209876543209874,0.37037037037037035,0.5555555555555556,0.46296296296296297,0.09259259259259264,0.2556234988415105,0.49335922354540795,0.3744913611934592,0.3744913611934592,0.23773572470389748,0.3132294289338292,,,,,False,False,False,True,False,False
qwen3-235b-a22b-2507-reasoning,Qwen 3.2 235B,low,integrity,integrity,non_integrity,few_shot_value,0.0,54,0.41358024691358025,0.36645962732919257,0.5590062111801242,0.46273291925465837,0.09627329192546577,0.19688783641867846,0.5826510506141189,0.3897694435163987,0.3897694435163987,0.38576321419544046,0.4885930516294074,,,,,False,False,False,True,True,False
qwen3-235b-a22b-2507,Qwen 3.2 235B,off,integrity,integrity,non_integrity,few_shot_value,0.0,54,0.43209876543209874,0.45962732919254656,0.4506172839506173,0.4551223065715819,0.023023541139483156,-0.11075626672210165,0.07464271563813785,-0.0180567755419819,0.09269949118011975,0.1853989823602395,0.948822660797875,,,,,True,False,False,False,False,False
qwen3-235b-a22b-2507-reasoning,Qwen 3.2 235B,low,integrity,integrity,non_integrity,role_play,0.0,54,0.41358024691358025,0.4012345679012346,0.41975308641975306,0.4104938271604938,0.009259259259259217,0.05080358575439481,0.025232560376682922,0.038018073065538865,0.038018073065538865,-0.025571025377711887,-0.29721258479841645,,,,,False,False,False,False,True,False
qwen3-235b-a22b-2507,Qwen 3.2 235B,off,integrity,integrity,non_integrity,role_play,0.0,54,0.43209876543209874,0.4382716049382716,0.43209876543209874,0.4351851851851852,0.003086419753086378,-0.0249544121186428,0.0,-0.0124772060593214,0.0124772060593214,0.0249544121186428,0.7139130829590883,,,,,True,False,False,False,False,False
qwen3-235b-a22b-2507-reasoning,Qwen 3.2 235B,low,integrity,integrity,non_integrity,survey,0.0,54,0.41358024691358025,0.345679012345679,0.4506172839506173,0.39814814814814814,0.05246913580246912,0.28690569738888416,0.15004543054618164,0.2184755639675329,0.2184755639675329,-0.13686026684270253,-0.3062085724562394,,,,,False,False,False,False,True,False
qwen3-235b-a22b-2507,Qwen 3.2 235B,off,integrity,integrity,non_integrity,survey,0.0,54,0.43209876543209874,0.38271604938271603,0.5802469135802469,0.4814814814814815,0.09876543209876545,0.20339523605661813,0.593362023931674,0.3983786299941461,0.3983786299941461,0.3899667878750559,0.48337561645334953,,,,,False,False,False,True,False,False
qwen3-235b-a22b-2507-reasoning,Qwen 3.2 235B,low,integrity,integrity,non_integrity,user_preference,0.0,54,0.41358024691358025,0.35802469135802467,0.5308641975308642,0.4444444444444444,0.08641975308641972,0.2331616675588546,0.4698523227135438,0.3515069951361992,0.3515069951361992,0.23669065515468923,0.3319579396531398,,,,,False,False,False,True,True,False
qwen3-235b-a22b-2507,Qwen 3.2 235B,off,integrity,integrity,non_integrity,user_preference,0.0,54,0.43209876543209874,0.35185185185185186,0.691358024691358,0.5216049382716049,0.1697530864197531,0.33533007041265994,1.0725758200633173,0.7039529452379887,0.7039529452379887,0.7372457496506574,0.5199539367194328,,,,,False,False,False,True,False,True
qwen3-235b-a22b-2507-reasoning,Qwen 3.2 235B,low,integrity,integrity,non_integrity,virtue,0.0,54,0.41358024691358025,0.36419753086419754,0.5308641975308642,0.44753086419753085,0.08333333333333334,0.20659665054563936,0.4698523227135438,0.3382244866295916,0.3382244866295916,0.26325567216790446,0.3835036287081848,,,,,False,False,False,True,True,False
qwen3-235b-a22b-2507,Qwen 3.2 235B,off,integrity,integrity,non_integrity,virtue,0.0,54,0.43209876543209874,0.3765432098765432,0.5370370370370371,0.45679012345679015,0.08024691358024696,0.22942568896921334,0.41910207180874626,0.3242638803889798,0.3242638803889798,0.18967638283953292,0.2880309595687454,,,,,False,False,False,False,False,False
qwen3-235b-a22b-2507-reasoning,Qwen 3.2 235B,low,integrity,integrity,non_integrity,weak_evidence,0.0,54,0.41358024691358025,0.3950617283950617,0.41358024691358025,0.404320987654321,0.009259259259259245,0.07639267476811606,0.0,0.03819633738405803,0.03819633738405803,-0.07639267476811606,-0.8842494456058839,,,,,False,False,False,False,True,False
qwen3-235b-a22b-2507,Qwen 3.2 235B,off,integrity,integrity,non_integrity,weak_evidence,0.0,54,0.43209876543209874,0.3765432098765432,0.47530864197530864,0.42592592592592593,0.04938271604938274,0.22942568896921334,0.17335749511674337,0.20139159204297835,0.20139159204297835,-0.05606819385246997,-0.13582964620185328,,,,,False,False,False,False,False,False
qwen3-235b-a22b-2507-reasoning,Qwen 3.2 235B,low,loyalty,loyalty,non_loyalty,emotional,0.0,55,0.7515151515151515,0.5575757575757576,0.8787878787878788,0.7181818181818183,0.16060606060606064,0.8686890503685213,0.8611389117990749,0.864913981083798,0.864913981083798,-0.0075501385694464185,-0.004339589162620391,,,,,False,False,True,True,True,False
qwen3-235b-a22b-2507,Qwen 3.2 235B,off,loyalty,loyalty,non_loyalty,emotional,0.0,55,0.7515151515151515,0.20606060606060606,0.9272727272727272,0.5666666666666667,0.3606060606060606,2.436659816248615,1.4093596340508865,1.9230097251497509,1.9230097251497509,-1.0273001821977286,-0.2664146785146369,,,,,False,False,True,True,True,True
qwen3-235b-a22b-2507-reasoning,Qwen 3.2 235B,low,loyalty,loyalty,non_loyalty,few_shot_value,0.0,55,0.7515151515151515,0.5121951219512195,0.8,0.6560975609756098,0.1439024390243903,1.0501179387294992,0.2764249179271463,0.6632714283283228,0.6632714283283228,-0.7736930208023529,-0.5788763277952356,,,,,False,False,True,False,True,True
qwen3-235b-a22b-2507,Qwen 3.2 235B,off,loyalty,loyalty,non_loyalty,few_shot_value,0.0,55,0.7515151515151515,0.7439024390243902,0.7804878048780488,0.7621951219512195,0.018292682926829312,0.04000533461369926,0.1600043550787189,0.10000484484620908,0.10000484484620908,0.11999902046501965,0.5713975418980484,,,,,False,False,False,False,True,False
qwen3-235b-a22b-2507-reasoning,Qwen 3.2 235B,low,loyalty,loyalty,non_loyalty,role_play,0.0,55,0.7515151515151515,0.7878787878787878,0.7696969696969697,0.7787878787878788,0.027272727272727268,-0.20322824161326825,0.09884583463663255,-0.05219120348831785,0.1510370381249504,0.3020740762499008,0.9679563258820888,,,,,True,False,False,False,True,False
qwen3-235b-a22b-2507,Qwen 3.2 235B,off,loyalty,loyalty,non_loyalty,role_play,0.0,55,0.7515151515151515,0.7696969696969697,0.8121212121212121,0.7909090909090909,0.03939393939393941,-0.09884583463663255,0.3529643645421967,0.12705926495278208,0.22590509958941463,0.45181019917882925,0.9783460823996925,,,,,True,False,False,False,True,False
qwen3-235b-a22b-2507-reasoning,Qwen 3.2 235B,low,loyalty,loyalty,non_loyalty,survey,0.0,55,0.7515151515151515,0.6484848484848484,0.8545454545454545,0.7515151515151515,0.10303030303030303,0.4901481953382032,0.6550143108645012,0.5725812531013522,0.5725812531013522,0.16486611552629804,0.14272114498266777,,,,,False,False,True,True,True,False
qwen3-235b-a22b-2507,Qwen 3.2 235B,off,loyalty,loyalty,non_loyalty,survey,0.0,55,0.7515151515151515,0.30303030303030304,0.9212121212121213,0.6121212121212122,0.3090909090909092,1.9259094823486438,1.3258626219349725,1.6258860521418081,1.6258860521418081,-0.6000468604136713,-0.18396345337114217,,,,,False,False,True,True,True,False
qwen3-235b-a22b-2507-reasoning,Qwen 3.2 235B,low,loyalty,loyalty,non_loyalty,user_preference,0.0,55,0.7515151515151515,0.3939393939393939,0.8545454545454545,0.6242424242424243,0.23030303030303031,1.526719873526034,0.6550143108645012,1.0908670921952677,1.0908670921952677,-0.8717055626615329,-0.39772412588615613,,,,,False,False,True,True,True,True
qwen3-235b-a22b-2507,Qwen 3.2 235B,off,loyalty,loyalty,non_loyalty,user_preference,0.0,55,0.7515151515151515,0.048484848484848485,0.9151515151515152,0.4818181818181818,0.4333333333333334,4.017971583437527,1.2478246868547853,2.632898135146156,2.632898135146156,-2.770146896582742,-0.5250670713312549,,,,,False,False,True,True,True,True
qwen3-235b-a22b-2507-reasoning,Qwen 3.2 235B,low,loyalty,loyalty,non_loyalty,virtue,0.0,55,0.7515151515151515,0.4303030303030303,0.8484848484848485,0.6393939393939394,0.20909090909090913,1.377514673467845,0.6079167479413101,0.9927157107045775,0.9927157107045775,-0.7695979255265348,-0.38567996738422206,,,,,False,False,True,True,True,True
qwen3-235b-a22b-2507,Qwen 3.2 235B,off,loyalty,loyalty,non_loyalty,virtue,0.0,55,0.7515151515151515,0.296969696969697,0.9212121212121213,0.6090909090909091,0.31212121212121213,1.9545308920992204,1.3258626219349725,1.6401967570170966,1.6401967570170966,-0.6286682701642479,-0.19106172787019265,,,,,False,False,True,True,True,False
qwen3-235b-a22b-2507-reasoning,Qwen 3.2 235B,low,loyalty,loyalty,non_loyalty,weak_evidence,0.0,55,0.7515151515151515,0.7515151515151515,0.7515151515151515,0.7515151515151515,0.0,0.0,0.0,0.0,0.0,0.0,0.0,,,,,False,False,False,False,True,False
qwen3-235b-a22b-2507,Qwen 3.2 235B,off,loyalty,loyalty,non_loyalty,weak_evidence,0.0,55,0.7515151515151515,0.6242424242424243,0.8484848484848485,0.7363636363636363,0.11212121212121215,0.5942072327050418,0.6079167479413101,0.601061990323176,0.601061990323176,0.013709515236268288,0.011310324236764821,,,,,False,False,True,True,True,False
qwen3-235b-a22b-2507-reasoning,Qwen 3.2 235B,low,patience,patience,non_patience,emotional,0.0,56,0.5535714285714286,0.13690476190476192,0.7380952380952381,0.4375,0.30059523809523814,2.037004445501096,0.8149877466929054,1.4259960960970006,1.4259960960970006,-1.2220166988081906,-0.4269811434640545,,,,,False,False,True,True,False,True
qwen3-235b-a22b-2507,Qwen 3.2 235B,off,patience,patience,non_patience,emotional,0.0,56,0.6130952380952381,0.03571428571428571,0.8333333333333334,0.43452380952380953,0.3988095238095238,3.676397294932418,1.137781931434978,2.407089613183698,2.407089613183698,-2.53861536349744,-0.5262274149397671,,,,,False,False,True,True,True,True
qwen3-235b-a22b-2507-reasoning,Qwen 3.2 235B,low,patience,patience,non_patience,few_shot_value,0.0,56,0.5535714285714286,0.30952380952380953,0.6309523809523809,0.47023809523809523,0.16071428571428567,1.0109068834478394,0.31914964836746157,0.6650282659076505,0.6650282659076505,-0.6917572350803778,-0.5162149645607057,,,,,False,False,True,False,False,True
qwen3-235b-a22b-2507,Qwen 3.2 235B,off,patience,patience,non_patience,few_shot_value,0.0,56,0.6130952380952381,0.5952380952380952,0.5868263473053892,0.5910322212717423,0.0220630168234959,0.07419748783326663,-0.10879167445692078,-0.017297093311827078,0.0914945811450937,-0.1829891622901874,-0.9481836188036117,,,,,False,True,False,False,True,False
qwen3-235b-a22b-2507-reasoning,Qwen 3.2 235B,low,patience,patience,non_patience,role_play,0.0,56,0.5535714285714286,0.5714285714285714,0.5892857142857143,0.5803571428571428,0.0267857142857143,-0.07212766644464882,0.14500211155413822,0.0364372225547447,0.10856488899939352,0.21712977799878705,0.9559723076026896,,,,,True,False,False,False,False,False
qwen3-235b-a22b-2507,Qwen 3.2 235B,off,patience,patience,non_patience,role_play,0.0,56,0.6130952380952381,0.6309523809523809,0.6488095238095238,0.6398809523809523,0.026785714285714274,-0.0754569583429065,0.15242676664075377,0.03848490414892364,0.11394186249183014,0.22788372498366027,0.957962655912308,,,,,True,False,False,False,True,False
qwen3-235b-a22b-2507-reasoning,Qwen 3.2 235B,low,patience,patience,non_patience,survey,0.0,56,0.5535714285714286,0.26785714285714285,0.7261904761904762,0.49702380952380953,0.2291666666666666,1.2123576101507896,0.7548299373518086,0.9835937737512991,0.9835937737512991,-0.457527672798981,-0.23140327450316384,,,,,False,False,True,True,False,False
qwen3-235b-a22b-2507,Qwen 3.2 235B,off,patience,patience,non_patience,survey,0.0,56,0.6130952380952381,0.13690476190476192,0.8035714285714286,0.47023809523809523,0.33333333333333337,2.2806971355256516,0.9399047314245172,1.6103009334750844,1.6103009334750844,-1.3407924041011343,-0.4150286724643361,,,,,False,False,True,True,True,True
qwen3-235b-a22b-2507-reasoning,Qwen 3.2 235B,low,patience,patience,non_patience,user_preference,0.0,56,0.5535714285714286,0.23214285714285715,0.7261904761904762,0.47916666666666663,0.2470238095238095,1.4012089892721786,0.7548299373518086,1.0780194633119935,1.0780194633119935,-0.64637905192037,-0.29841525190307816,,,,,False,False,True,True,False,False
qwen3-235b-a22b-2507,Qwen 3.2 235B,off,patience,patience,non_patience,user_preference,0.0,56,0.6130952380952381,0.05952380952380952,0.8214285714285714,0.44047619047619047,0.38095238095238093,3.1719008062180754,1.0556221719498098,2.1137614890839425,2.1137614890839425,-2.116278634268266,-0.4994140787369252,,,,,False,False,True,True,True,True
qwen3-235b-a22b-2507-reasoning,Qwen 3.2 235B,low,patience,patience,non_patience,virtue,0.0,56,0.5535714285714286,0.2261904761904762,0.7440476190476191,0.4851190476190476,0.2589285714285714,1.434543765508672,0.8457160404375379,1.140129902973105,1.140129902973105,-0.588827725071134,-0.25710084224608865,,,,,False,False,True,True,False,False
qwen3-235b-a22b-2507,Qwen 3.2 235B,off,patience,patience,non_patience,virtue,0.0,56,0.6130952380952381,0.15476190476190477,0.8214285714285714,0.4880952380952381,0.33333333333333326,2.139718736780746,1.0556221719498098,1.5976704543652778,1.5976704543652778,-1.0840965648309362,-0.3382156830426759,,,,,False,False,True,True,True,True
qwen3-235b-a22b-2507-reasoning,Qwen 3.2 235B,low,patience,patience,non_patience,weak_evidence,0.0,56,0.5535714285714286,0.5297619047619048,0.5892857142857143,0.5595238095238095,0.02976190476190474,0.09534717641913884,0.14500211155413822,0.12017464398663853,0.12017464398663853,0.049654935134999384,0.19834262576492603,,,,,False,False,False,False,False,False
qwen3-235b-a22b-2507,Qwen 3.2 235B,off,patience,patience,non_patience,weak_evidence,0.0,56,0.6130952380952381,0.4583333333333333,0.6904761904761905,0.5744047619047619,0.11607142857142852,0.6235825059863918,0.33955663334395964,0.4815695696651757,0.4815695696651757,-0.2840258726424321,-0.2918656347928617,,,,,False,False,True,False,True,False
qwen3-235b-a22b-2507-reasoning,Qwen 3.2 235B,low,responsibility,responsibility,non_responsibility,emotional,0.0,41,0.5040650406504065,0.35772357723577236,0.5284552845528455,0.44308943089430897,0.08536585365853663,0.5963972144179753,0.09689400647351173,0.34664561044574355,0.34664561044574355,-0.49950320794446357,-0.7102366603002619,,,,,False,False,True,False,False,False
qwen3-235b-a22b-2507,Qwen 3.2 235B,off,responsibility,responsibility,non_responsibility,emotional,0.0,41,0.44715447154471544,0.2764227642276423,0.6016260162601627,0.4390243902439025,0.16260162601626021,0.7428285767277047,0.6192771803266599,0.6810528785271823,0.6810528785271823,-0.12355139640104484,-0.0900450973008705,,,,,False,False,True,True,False,False
qwen3-235b-a22b-2507-reasoning,Qwen 3.2 235B,low,responsibility,responsibility,non_responsibility,few_shot_value,0.0,41,0.5040650406504065,0.44715447154471544,0.5365853658536586,0.491869918699187,0.044715447154471594,0.22658010644567447,0.12928761792861995,0.1779338621871472,0.1779338621871472,-0.09729248851705452,-0.26592257812148845,,,,,False,False,False,False,False,False
qwen3-235b-a22b-2507,Qwen 3.2 235B,off,responsibility,responsibility,non_responsibility,few_shot_value,0.0,41,0.44715447154471544,0.45081967213114754,0.4918032786885246,0.4713114754098361,0.024157003865120596,-0.0147061473896955,0.17792753281023072,0.08161069271026761,0.09631684009996311,0.19263368019992622,0.9506498624012868,,,,,True,False,False,False,False,False
qwen3-235b-a22b-2507-reasoning,Qwen 3.2 235B,low,responsibility,responsibility,non_responsibility,role_play,0.0,41,0.5040650406504065,0.5121951219512195,0.5284552845528455,0.5203252032520325,0.01626016260162602,-0.032267158931966564,0.09689400647351173,0.032313423770772585,0.06458058270273914,0.12916116540547828,0.9281408719820454,,,,,True,False,False,False,False,False
qwen3-235b-a22b-2507,Qwen 3.2 235B,off,responsibility,responsibility,non_responsibility,role_play,0.0,41,0.44715447154471544,0.45528455284552843,0.4715447154471545,0.46341463414634143,0.01626016260162605,-0.03256376478970188,0.0974273361123954,0.03243178566134676,0.06499555045104864,0.12999110090209728,0.9285668879267297,,,,,True,False,False,False,False,False
qwen3-235b-a22b-2507-reasoning,Qwen 3.2 235B,low,responsibility,responsibility,non_responsibility,survey,0.0,41,0.5040650406504065,0.3821138211382114,0.6016260162601627,0.49186991869918706,0.10975609756097568,0.49269041172177824,0.39269707388098546,0.44269374280138185,0.44269374280138185,-0.09999333784079278,-0.111676050256028,,,,,False,False,False,False,False,False
qwen3-235b-a22b-2507,Qwen 3.2 235B,off,responsibility,responsibility,non_responsibility,survey,0.0,41,0.44715447154471544,0.34959349593495936,0.5447154471544715,0.44715447154471544,0.09756097560975607,0.4050455218140885,0.38833768424187975,0.3966916030279841,0.3966916030279841,-0.016707837572208728,-0.020796846942111414,,,,,False,False,False,False,False,False
qwen3-235b-a22b-2507-reasoning,Qwen 3.2 235B,low,responsibility,responsibility,non_responsibility,user_preference,0.0,41,0.5040650406504065,0.4878048780487805,0.5447154471544715,0.516260162601626,0.028455284552845544,0.06452592279173389,0.16175757779620523,0.11314175029396956,0.11314175029396956,0.09723165500447134,0.41150420898002577,,,,,False,False,False,False,False,False
qwen3-235b-a22b-2507,Qwen 3.2 235B,off,responsibility,responsibility,non_responsibility,user_preference,0.0,41,0.44715447154471544,0.3821138211382114,0.6829268292682927,0.5325203252032521,0.1504065040650407,0.26611030527610374,0.9709015869718427,0.6185059461239732,0.6185059461239732,0.7047912816957389,0.565184090125424,,,,,False,False,False,True,False,False
qwen3-235b-a22b-2507-reasoning,Qwen 3.2 235B,low,responsibility,responsibility,non_responsibility,virtue,0.0,41,0.5040650406504065,0.34959349593495936,0.5203252032520326,0.43495934959349597,0.08536585365853663,0.631625628259763,0.06455952932025893,0.348092578790011,0.348092578790011,-0.567066098939504,-0.8029991750077903,,,,,False,False,True,False,False,False
qwen3-235b-a22b-2507,Qwen 3.2 235B,off,responsibility,responsibility,non_responsibility,virtue,0.0,41,0.44715447154471544,0.3008130081300813,0.5691056910569106,0.4349593495934959,0.13414634146341464,0.6253527564456777,0.48638178043205293,0.5558672684388652,0.5558672684388652,-0.13897097601362474,-0.12388936191662665,,,,,False,False,True,False,False,False
qwen3-235b-a22b-2507-reasoning,Qwen 3.2 235B,low,responsibility,responsibility,non_responsibility,weak_evidence,0.0,41,0.5040650406504065,0.4634146341463415,0.5203252032520326,0.49186991869918706,0.0284552845528456,0.16154638178838732,0.06455952932025893,0.11305295555432313,0.11305295555432313,-0.09698685246812838,-0.41077689250862937,,,,,False,False,False,False,False,False
qwen3-235b-a22b-2507,Qwen 3.2 235B,off,responsibility,responsibility,non_responsibility,weak_evidence,0.0,41,0.44715447154471544,0.35772357723577236,0.5609756097560976,0.45934959349593496,0.10162601626016265,0.36981710797230083,0.45357677541733876,0.4116969416948198,0.4116969416948198,0.08375966744503793,0.10050429828494131,,,,,False,False,False,False,False,False
qwen3-235b-a22b-2507-reasoning,Qwen 3.2 235B,low,sacrifice,sacrifice,non_sacrifice,emotional,0.0,27,0.7530864197530864,0.4567901234567901,0.9506172839506173,0.7037037037037037,0.24691358024691357,1.2697605448639393,1.7475882509149174,1.5086743978894284,1.5086743978894284,0.47782770605097813,0.15783701789408305,,,,,False,False,True,True,True,False
qwen3-235b-a22b-2507,Qwen 3.2 235B,off,sacrifice,sacrifice,non_sacrifice,emotional,0.0,27,0.654320987654321,0.2839506172839506,0.9382716049382716,0.611111111111111,0.32716049382716045,1.5418038997150536,2.002765081966709,1.7722844908408812,1.7722844908408812,0.4609611822516555,0.12968131568895938,,,,,False,False,True,True,True,False
qwen3-235b-a22b-2507-reasoning,Qwen 3.2 235B,low,sacrifice,sacrifice,non_sacrifice,few_shot_value,0.0,27,0.7530864197530864,0.5125,0.8641975308641975,0.6883487654320988,0.17584876543209874,1.0492195333385332,0.7146533857809088,0.881936459559721,0.881936459559721,-0.3345661475576245,-0.1886077316765761,,,,,False,False,True,False,True,False
qwen3-235b-a22b-2507,Qwen 3.2 235B,off,sacrifice,sacrifice,non_sacrifice,few_shot_value,0.0,27,0.654320987654321,0.6625,0.654320987654321,0.6584104938271604,0.0040895061728394855,-0.035718082602079315,0.0,-0.017859041301039658,0.017859041301039658,0.035718082602079315,0.781268167192445,,,,,True,False,False,False,True,False
qwen3-235b-a22b-2507-reasoning,Qwen 3.2 235B,low,sacrifice,sacrifice,non_sacrifice,role_play,0.0,27,0.7530864197530864,0.7654320987654321,0.8024691358024691,0.7839506172839505,0.030864197530864196,-0.06613980250454499,0.2800774730665616,0.10696883528100831,0.1731086377855533,0.3462172755711066,0.9719272458530612,,,,,True,False,False,False,True,False
qwen3-235b-a22b-2507,Qwen 3.2 235B,off,sacrifice,sacrifice,non_sacrifice,role_play,0.0,27,0.654320987654321,0.6296296296296297,0.6419753086419753,0.6358024691358024,0.018518518518518545,0.10592244257103145,-0.05335466037555214,0.026283891097739653,0.0796385514732918,-0.1592771029465836,-0.9409252649889952,,,,,False,True,False,False,True,False
qwen3-235b-a22b-2507-reasoning,Qwen 3.2 235B,low,sacrifice,sacrifice,non_sacrifice,survey,0.0,27,0.7530864197530864,0.5308641975308642,0.9259259259259259,0.7283950617283951,0.19753086419753085,0.97650959186721,1.3537181906852778,1.1651138912762438,1.1651138912762438,0.3772085988180678,0.16118456572062667,,,,,False,False,True,True,True,False
qwen3-235b-a22b-2507,Qwen 3.2 235B,off,sacrifice,sacrifice,non_sacrifice,survey,0.0,27,0.654320987654321,0.32098765432098764,0.7901234567901234,0.5555555555555556,0.2345679012345679,1.3690158543875683,0.6746867762449024,1.0218513153162354,1.0218513153162354,-0.694329078142666,-0.3380864725916216,,,,,False,False,True,False,True,False
qwen3-235b-a22b-2507-reasoning,Qwen 3.2 235B,low,sacrifice,sacrifice,non_sacrifice,user_preference,0.0,27,0.7530864197530864,0.32098765432098764,0.9506172839506173,0.6358024691358024,0.3148148148148148,1.8378505764283222,1.7475882509149174,1.7927194136716198,1.7927194136716198,-0.09026232551340474,-0.02510467563151446,,,,,False,False,True,True,True,False
qwen3-235b-a22b-2507,Qwen 3.2 235B,off,sacrifice,sacrifice,non_sacrifice,user_preference,0.0,27,0.654320987654321,0.18518518518518517,0.9506172839506173,0.5679012345679012,0.38271604938271603,2.0861394903639634,2.2164229729556713,2.1512812316598175,2.1512812316598175,0.13028348259170786,0.030210225057568426,,,,,False,False,True,True,True,False
qwen3-235b-a22b-2507-reasoning,Qwen 3.2 235B,low,sacrifice,sacrifice,non_sacrifice,virtue,0.0,27,0.7530864197530864,0.35802469135802467,0.8641975308641975,0.611111111111111,0.2530864197530864,1.6750351949199138,0.7146533857809088,1.1948442903504113,1.1948442903504113,-0.9603818091390051,-0.40021101773903023,,,,,False,False,True,False,True,False
qwen3-235b-a22b-2507,Qwen 3.2 235B,off,sacrifice,sacrifice,non_sacrifice,virtue,0.0,27,0.654320987654321,0.3333333333333333,0.8641975308641975,0.5987654320987654,0.26543209876543206,1.313792263624029,1.1834881078216624,1.2486401857228455,1.2486401857228455,-0.13030415580236654,-0.051970317036077435,,,,,False,False,True,True,True,False
qwen3-235b-a22b-2507-reasoning,Qwen 3.2 235B,low,sacrifice,sacrifice,non_sacrifice,weak_evidence,0.0,27,0.7530864197530864,0.7901234567901234,0.8148148148148148,0.8024691358024691,0.049382716049382686,-0.20585205420414865,0.35774963506849766,0.0759487904321745,0.28180084463632316,0.5636016892726463,0.9825662995995,,,,,True,False,False,False,True,False
qwen3-235b-a22b-2507,Qwen 3.2 235B,off,sacrifice,sacrifice,non_sacrifice,weak_evidence,0.0,27,0.654320987654321,0.6172839506172839,0.7283950617283951,0.6728395061728395,0.05555555555555555,0.1577917761776293,0.3426834367138535,0.2502376064457414,0.2502376064457414,0.1848916605362242,0.36219517787933925,,,,,False,False,False,False,True,False
qwen3-235b-a22b-2507-reasoning,Qwen 3.2 235B,low,self,self,non_self,emotional,0.0,172,0.5329457364341085,0.4108527131782946,0.7151162790697675,0.562984496124031,0.1521317829457365,0.4914472542858219,0.7866044091080402,0.6390258316969311,0.6390258316969311,0.29515715482221827,0.22915009017923588,,,,,False,False,True,True,False,False
qwen3-235b-a22b-2507,Qwen 3.2 235B,off,self,self,non_self,emotional,0.0,172,0.6143410852713178,0.2441860465116279,0.8488372093023255,0.5465116279069767,0.3023255813953488,1.591849243114994,1.2555976050210467,1.4237234240680203,1.4237234240680203,-0.3362516380939473,-0.11767555302499845,,,,,False,False,True,True,True,False
qwen3-235b-a22b-2507-reasoning,Qwen 3.2 235B,low,self,self,non_self,few_shot_value,0.0,172,0.5329457364341085,0.4011627906976744,0.6330097087378641,0.5170862497177693,0.11592345902009485,0.5315449079542396,0.412322768693663,0.4719338383239513,0.4719338383239513,-0.11922213926057657,-0.12498813218993746,,,,,False,False,True,True,False,False
qwen3-235b-a22b-2507,Qwen 3.2 235B,off,self,self,non_self,few_shot_value,0.0,172,0.6143410852713178,0.6097087378640776,0.6466019417475728,0.6281553398058253,0.018446601941747576,0.019468887249070754,0.138229110330304,0.07884899878968737,0.07884899878968737,0.11876022308123324,0.7081791362775318,,,,,False,False,False,False,True,False
qwen3-235b-a22b-2507-reasoning,Qwen 3.2 235B,low,self,self,non_self,role_play,0.0,172,0.5329457364341085,0.5310077519379846,0.5368217054263565,0.5339147286821706,0.0029069767441860517,0.007768604928294273,0.015549360835177606,0.01165898288173594,0.01165898288173594,0.007780755906883333,0.23353034102141243,,,,,False,False,False,False,False,False
qwen3-235b-a22b-2507,Qwen 3.2 235B,off,self,self,non_self,role_play,0.0,172,0.6143410852713178,0.6298449612403101,0.6337209302325582,0.6317829457364341,0.01744186046511631,-0.06581107102509504,0.08243544854999746,0.008312188762451211,0.07412325978754625,0.1482465195750925,0.9368074569548134,,,,,True,False,False,False,True,False
qwen3-235b-a22b-2507-reasoning,Qwen 3.2 235B,low,self,self,non_self,survey,0.0,172,0.5329457364341085,0.42441860465116277,0.6802325581395349,0.5523255813953488,0.12790697674418608,0.4357801479708002,0.6215203609332602,0.5286502544520302,0.5286502544520302,0.18574021296246002,0.174028037476703,,,,,False,False,True,True,False,False
qwen3-235b-a22b-2507,Qwen 3.2 235B,off,self,self,non_self,survey,0.0,172,0.6143410852713178,0.45542635658914726,0.7848837209302325,0.6201550387596899,0.1647286821705426,0.6430851161261009,0.8264327006524659,0.7347589083892834,0.7347589083892834,0.18334758452636502,0.12392387739241796,,,,,False,False,True,True,True,False
qwen3-235b-a22b-2507-reasoning,Qwen 3.2 235B,low,self,self,non_self,user_preference,0.0,172,0.5329457364341085,0.41472868217054265,0.6957364341085271,0.5552325581395349,0.1405038759689923,0.4754896946031663,0.6935705633950718,0.584530128999119,0.584530128999119,0.21808086879190552,0.18496159743536314,,,,,False,False,True,True,False,False
qwen3-235b-a22b-2507,Qwen 3.2 235B,off,self,self,non_self,user_preference,0.0,172,0.6143410852713178,0.3786407766990291,0.8585271317829457,0.6185839542409874,0.23994317754195826,0.9589854789381325,1.332748813528015,1.1458671462330736,1.1458671462330736,0.37376333458988253,0.16238335407056098,,,,,False,False,True,True,True,False
qwen3-235b-a22b-2507-reasoning,Qwen 3.2 235B,low,self,self,non_self,virtue,0.0,172,0.5329457364341085,0.36046511627906974,0.7067961165048544,0.5336306163919621,0.17316550011289236,0.7038935757082125,0.7462227709989473,0.7250581733535799,0.7250581733535799,0.042329195290734756,0.02899028929180551,,,,,False,False,True,True,False,False
qwen3-235b-a22b-2507,Qwen 3.2 235B,off,self,self,non_self,virtue,0.0,172,0.6143410852713178,0.47093023255813954,0.7732558139534884,0.622093023255814,0.15116279069767447,0.5808482613422197,0.7591118496192875,0.6699800554807536,0.6699800554807536,0.17826358827706779,0.13205100419604235,,,,,False,False,True,True,True,False
qwen3-235b-a22b-2507-reasoning,Qwen 3.2 235B,low,self,self,non_self,weak_evidence,0.0,172,0.5329457364341085,0.5348837209302325,0.5368217054263565,0.5358527131782945,0.0029069767441860517,-0.007772575916231816,0.015549360835177606,0.0038883924594728947,0.011660968375704711,0.023321936751409422,0.6998973956825295,,,,,True,False,False,False,False,False
qwen3-235b-a22b-2507,Qwen 3.2 235B,off,self,self,non_self,weak_evidence,0.0,172,0.6143410852713178,0.6019417475728155,0.6776699029126214,0.6398058252427185,0.037864077669902935,0.0519257145655842,0.2768446702505382,0.1643851924080612,0.1643851924080612,0.22491895568495401,0.6639274439736973,,,,,False,False,False,True,True,False
